Timestamp,ID,Temp,Humidity,CO,NOX,HEATER ON
13:03:38,606405AA0DCB,25.621,18.958,10,2047,1
13:03:42,606405AA0DCB,25.641,19.061,8,2047,1
13:03:47,606405AA0DCB,25.722,19.147,7,2047,1
13:03:52,606405AA0DCB,25.903,19.147,6,2047,1
13:03:57,606405AA0DCB,25.873,19.049,6,2047,1
13:04:02,606405AA0DCB,25.944,18.842,5,2047,1
13:04:07,606405AA0DCB,26.195,18.835,5,2034,1
13:04:12,606405AA0DCB,26.286,18.634,5,1973,1
13:04:18,606405AA0DCB,26.447,18.628,5,1927,1
13:04:23,606405AA0DCB,26.618,18.524,5,1890,1
13:04:28,606405AA0DCB,26.699,18.317,5,1862,1
13:04:33,606405AA0DCB,26.81,18.219,5,1838,1
13:04:38,606405AA0DCB,26.82,18.121,5,1818,1
13:04:43,606405AA0DCB,26.92,18.011,5,1801,1
13:04:48,606405AA0DCB,27.021,18.011,5,1787,1
13:04:54,606405AA0DCB,27.182,17.804,5,1775,1
13:04:59,606405AA0DCB,27.253,17.804,5,1764,1
13:05:04,606405AA0DCB,27.434,17.7,5,1755,1
13:05:09,606405AA0DCB,27.434,17.603,5,1747,1
13:05:14,606405AA0DCB,27.555,17.499,5,1740,1
13:05:19,606405AA0DCB,27.625,17.401,5,1734,1
13:05:24,606405AA0DCB,27.746,17.395,5,1728,1
13:05:29,606405AA0DCB,27.938,17.285,5,1723,1
13:05:35,606405AA0DCB,27.938,17.188,5,1718,1
13:05:40,606405AA0DCB,28.058,17.188,5,1714,1
13:05:45,606405AA0DCB,28.149,17.084,5,1711,1
13:05:50,606405AA0DCB,28.189,16.98,5,1707,1
13:05:55,606405AA0DCB,28.21,16.98,5,1704,1
13:06:00,606405AA0DCB,28.361,16.882,5,1702,1
13:06:05,606405AA0DCB,28.431,16.779,5,1699,1
13:06:10,606405AA0DCB,28.542,16.779,5,1697,1
13:06:16,606405AA0DCB,28.663,16.669,5,1695,1
13:06:21,606405AA0DCB,28.673,16.571,5,1693,1
13:06:26,606405AA0DCB,28.763,16.571,5,1690,1
13:06:31,606405AA0DCB,28.804,16.473,5,1688,1
13:06:36,606405AA0DCB,28.955,16.467,5,1686,1
13:06:41,606405AA0DCB,28.965,16.364,5,1685,1
13:06:46,606405AA0DCB,29.076,16.364,5,1683,1
13:06:52,606405AA0DCB,29.055,16.266,5,1682,1
13:06:57,606405AA0DCB,29.156,16.26,5,1682,1
13:07:02,606405AA0DCB,29.227,16.162,5,1680,1
13:07:07,606405AA0DCB,29.257,16.162,5,1679,1
13:07:12,606405AA0DCB,29.337,16.156,5,1678,1
13:07:17,606405AA0DCB,29.388,16.052,5,1677,1
13:07:22,606405AA0DCB,29.448,16.052,5,1676,1
13:07:27,606405AA0DCB,29.418,15.955,5,1675,1
13:07:33,606405AA0DCB,29.569,15.948,5,1675,1
13:07:38,606405AA0DCB,29.549,15.955,5,1674,1
13:07:43,606405AA0DCB,29.609,15.851,5,1673,1
13:07:48,606405AA0DCB,29.609,15.851,5,1672,1
13:07:53,606405AA0DCB,29.67,15.753,5,1671,1
13:07:58,606405AA0DCB,29.791,15.753,5,1671,1
13:08:03,606405AA0DCB,29.851,15.643,5,1670,1
13:08:09,606405AA0DCB,29.972,15.643,5,1670,1
13:08:14,606405AA0DCB,29.942,15.643,5,1669,1
13:08:19,606405AA0DCB,29.972,15.643,5,1669,1
13:08:24,606405AA0DCB,30.012,15.546,5,1668,1
13:08:29,606405AA0DCB,30.133,15.54,5,1668,1
13:08:34,606405AA0DCB,30.173,15.54,5,1667,1
13:08:39,606405AA0DCB,30.163,15.442,5,1667,1
13:08:44,606405AA0DCB,30.193,15.442,5,1667,1
13:08:50,606405AA0DCB,30.244,15.442,5,1666,1
13:08:55,606405AA0DCB,30.244,15.442,5,1666,1
13:09:00,606405AA0DCB,30.324,15.338,5,1666,1
13:09:05,606405AA0DCB,30.324,15.338,5,1665,1
13:09:10,606405AA0DCB,30.345,15.338,5,1665,1
13:09:15,606405AA0DCB,30.385,15.338,5,1664,1
13:09:20,606405AA0DCB,30.546,15.234,5,1665,1
13:09:26,606405AA0DCB,30.546,15.234,5,1665,1
13:09:31,606405AA0DCB,30.606,15.131,5,1664,1
13:09:36,606405AA0DCB,30.486,15.234,5,1663,1
13:09:41,606405AA0DCB,30.616,15.131,5,1663,1
13:09:46,606405AA0DCB,30.757,15.131,5,1663,1
13:09:51,606405AA0DCB,30.717,15.033,5,1663,1
13:09:56,606405AA0DCB,30.747,15.131,5,1663,1
13:10:01,606405AA0DCB,30.747,15.033,5,1663,1
13:10:07,606405AA0DCB,30.818,15.027,5,1662,1
13:10:12,606405AA0DCB,30.858,15.027,5,1662,1
13:10:17,606405AA0DCB,30.858,15.027,5,1662,1
13:10:22,606405AA0DCB,30.888,14.929,5,1662,1
13:10:27,606405AA0DCB,30.979,14.929,5,1662,1
13:10:32,606405AA0DCB,30.939,14.929,5,1662,1
13:10:37,606405AA0DCB,30.989,14.929,5,1662,1
13:10:43,606405AA0DCB,30.979,14.832,5,1661,1
13:10:48,606405AA0DCB,31.06,14.819,5,1662,1
13:10:53,606405AA0DCB,30.969,14.832,5,1662,1
13:10:58,606405AA0DCB,31.07,14.819,5,1661,1
13:11:03,606405AA0DCB,31.039,14.819,5,1662,1
13:11:08,606405AA0DCB,31.13,14.722,5,1662,1
13:11:13,606405AA0DCB,31.16,14.722,5,1662,1
13:11:18,606405AA0DCB,31.17,14.722,5,1662,1
13:11:24,606405AA0DCB,31.201,14.722,5,1661,1
13:11:29,606405AA0DCB,31.231,14.722,5,1662,1
13:11:34,606405AA0DCB,31.281,14.716,5,1662,1
13:11:39,606405AA0DCB,31.291,14.618,5,1662,1
13:11:44,606405AA0DCB,31.382,14.618,5,1662,1
13:11:49,606405AA0DCB,31.382,14.618,5,1662,1
13:11:54,606405AA0DCB,31.432,14.618,5,1662,1
13:11:59,606405AA0DCB,31.442,14.618,5,1662,1
13:12:05,606405AA0DCB,31.442,14.52,5,1661,1
13:12:10,606405AA0DCB,31.472,14.52,5,1662,1
13:12:15,606405AA0DCB,31.513,14.52,5,1661,1
13:12:20,606405AA0DCB,31.472,14.52,5,1662,1
13:12:25,606405AA0DCB,31.483,14.52,5,1662,1
13:12:30,606405AA0DCB,31.543,14.514,5,1662,1
13:12:35,606405AA0DCB,31.583,14.417,5,1662,1
13:12:41,606405AA0DCB,31.583,14.417,5,1662,1
13:12:46,606405AA0DCB,31.664,14.417,5,1660,1
13:12:51,606405AA0DCB,31.704,14.417,5,1661,1
13:12:56,606405AA0DCB,31.664,14.417,5,1660,1
13:13:01,606405AA0DCB,31.724,14.417,5,1661,1
13:13:06,606405AA0DCB,31.724,14.319,5,1660,1
13:13:11,606405AA0DCB,31.654,14.319,5,1660,1
13:13:16,606405AA0DCB,31.785,14.313,5,1661,1
13:13:22,606405AA0DCB,31.765,14.319,5,1660,1
13:13:27,606405AA0DCB,31.724,14.319,5,1660,1
13:13:32,606405AA0DCB,31.855,14.215,5,1660,1
13:13:37,606405AA0DCB,31.855,14.313,5,1660,1
13:13:42,606405AA0DCB,31.845,14.215,5,1660,1
13:13:47,606405AA0DCB,31.885,14.215,5,1660,1
13:13:52,606405AA0DCB,31.885,14.215,5,1660,1
13:13:57,606405AA0DCB,31.875,14.215,1312,1660,1
13:14:03,606405AA0DCB,31.926,14.215,5,1660,1
13:14:08,606405AA0DCB,31.926,14.215,5,1660,1
13:14:13,606405AA0DCB,31.926,14.215,5,1661,1
13:14:18,606405AA0DCB,31.916,14.117,5,1661,1
13:14:23,606405AA0DCB,31.996,14.117,5,1661,1
13:14:28,606405AA0DCB,32.107,14.105,5,1661,1
13:14:33,606405AA0DCB,32.067,14.105,5,1661,1
13:14:39,606405AA0DCB,32.057,14.105,5,1661,1
13:14:44,606405AA0DCB,32.067,14.105,5,1662,1
13:14:49,606405AA0DCB,32.077,14.008,5,1662,1
13:14:54,606405AA0DCB,32.177,14.008,5,1662,1
13:14:59,606405AA0DCB,32.147,14.008,5,1662,1
13:15:04,606405AA0DCB,32.228,14.008,5,1662,1
13:15:09,606405AA0DCB,32.177,14.008,5,1662,1
13:15:15,606405AA0DCB,32.228,14.008,5,1662,1
13:15:20,606405AA0DCB,32.228,14.008,5,1662,1
13:15:25,606405AA0DCB,32.177,13.91,5,1662,1
13:15:30,606405AA0DCB,32.248,14.008,5,1662,1
13:15:35,606405AA0DCB,32.278,14.001,5,1662,1
13:15:40,606405AA0DCB,32.318,14.001,5,1662,1
13:15:45,606405AA0DCB,32.349,13.904,5,1662,1
13:15:50,606405AA0DCB,32.298,13.904,5,1663,1
13:15:56,606405AA0DCB,32.298,13.904,5,1662,1
13:16:01,606405AA0DCB,32.439,13.904,5,1662,1
13:16:06,606405AA0DCB,32.409,13.904,5,1663,1
13:16:11,606405AA0DCB,32.399,13.904,5,1663,1
13:16:16,606405AA0DCB,32.369,13.806,5,1662,1
13:16:21,606405AA0DCB,32.429,13.806,5,1661,1
13:16:26,606405AA0DCB,32.429,13.806,5,1661,1
13:16:31,606405AA0DCB,32.449,13.806,5,1662,1
13:16:37,606405AA0DCB,32.409,13.806,5,1662,1
13:16:42,606405AA0DCB,32.449,13.806,5,1662,1
13:16:47,606405AA0DCB,32.449,13.806,5,1662,1
13:16:52,606405AA0DCB,32.6,13.8,5,1662,1
13:16:57,606405AA0DCB,32.51,13.702,5,1662,1
13:17:02,606405AA0DCB,32.55,13.702,5,1662,1
13:17:07,606405AA0DCB,32.52,13.702,5,1662,1
13:17:13,606405AA0DCB,32.56,13.702,5,1662,1
13:17:18,606405AA0DCB,32.671,13.702,5,1662,1
13:17:23,606405AA0DCB,32.631,13.702,5,1662,1
13:17:28,606405AA0DCB,32.56,13.702,5,1662,1
13:17:33,606405AA0DCB,32.621,13.702,5,1662,1
13:17:38,606405AA0DCB,32.651,13.702,5,1662,1
13:17:43,606405AA0DCB,32.651,13.702,5,1663,1
13:17:48,606405AA0DCB,32.671,13.605,5,1663,1
13:17:54,606405AA0DCB,32.631,13.702,5,1664,1
13:17:59,606405AA0DCB,32.621,13.702,5,1664,1
13:18:04,606405AA0DCB,32.721,13.605,5,1664,1
13:18:09,606405AA0DCB,32.671,13.507,5,1664,1
13:18:14,606405AA0DCB,32.701,13.605,5,1664,1
13:18:19,606405AA0DCB,32.792,13.599,5,1664,1
13:18:24,606405AA0DCB,32.842,13.599,5,1664,1
13:18:30,606405AA0DCB,32.741,13.605,5,1665,1
13:18:35,606405AA0DCB,32.812,13.599,5,1665,1
13:18:40,606405AA0DCB,32.822,13.599,5,1665,1
13:18:45,606405AA0DCB,32.792,13.599,5,1665,1
13:18:50,606405AA0DCB,32.812,13.599,5,1665,1
13:18:55,606405AA0DCB,32.822,13.599,5,1665,1
13:19:00,606405AA0DCB,32.812,13.501,4095,89,1
13:19:05,606405AA0DCB,32.892,13.501,5,1665,1
13:19:11,606405AA0DCB,32.842,13.501,5,1665,1
13:19:16,606405AA0DCB,32.933,13.501,5,1665,1
13:19:21,606405AA0DCB,32.852,13.501,5,1665,1
13:19:26,606405AA0DCB,32.822,13.501,5,1665,1
13:19:31,606405AA0DCB,32.943,13.501,5,1666,1
13:19:36,606405AA0DCB,32.892,13.501,5,1666,1
13:19:41,606405AA0DCB,32.933,13.403,5,1666,1
13:19:46,606405AA0DCB,32.993,13.501,5,1666,1
13:19:52,606405AA0DCB,33.044,13.495,5,1666,1
13:19:57,606405AA0DCB,33.003,13.403,5,1666,1
13:20:02,606405AA0DCB,33.003,13.403,5,1667,1
13:20:07,606405AA0DCB,33.033,13.397,5,1667,1
13:20:12,606405AA0DCB,33.033,13.495,5,1668,1
13:20:17,606405AA0DCB,33.033,13.397,5,1668,1
13:20:22,606405AA0DCB,33.074,13.495,5,1670,1
13:20:28,606405AA0DCB,33.074,13.397,5,1670,1
13:20:33,606405AA0DCB,33.074,13.397,5,1669,1
13:20:38,606405AA0DCB,33.094,13.397,5,1669,1
13:20:43,606405AA0DCB,33.033,13.397,5,1669,1
13:20:48,606405AA0DCB,33.154,13.397,5,1670,1
13:20:53,606405AA0DCB,33.144,13.3,5,5,1
13:20:58,606405AA0DCB,33.064,13.397,5,1670,1
13:21:03,606405AA0DCB,33.185,13.397,5,1670,1
13:21:09,606405AA0DCB,33.094,13.397,5,1670,1
13:21:14,606405AA0DCB,33.124,13.397,5,1670,1
13:21:19,606405AA0DCB,33.215,13.397,5,1671,1
13:21:24,606405AA0DCB,33.225,13.397,6,1671,1
13:21:29,606405AA0DCB,33.144,13.3,5,1671,1
13:21:34,606405AA0DCB,33.164,13.3,5,1671,1
13:21:39,606405AA0DCB,33.215,13.3,5,1670,1
13:21:45,606405AA0DCB,33.285,13.293,5,1671,1
13:21:50,606405AA0DCB,33.195,13.3,5,1671,1
13:21:55,606405AA0DCB,33.225,13.3,5,1671,1
13:22:00,606405AA0DCB,33.255,13.3,5,1671,1
13:22:05,606405AA0DCB,33.275,13.3,5,1671,1
13:22:10,606405AA0DCB,33.235,13.3,5,1671,1
13:22:15,606405AA0DCB,33.275,13.202,6,1672,1
13:22:20,606405AA0DCB,33.235,13.3,6,1672,1
13:22:26,606405AA0DCB,33.315,13.293,5,1672,1
13:22:31,606405AA0DCB,33.255,13.3,5,1672,1
13:22:36,606405AA0DCB,33.305,13.293,5,1672,1
13:22:41,606405AA0DCB,33.436,13.196,6,1673,1
13:22:46,606405AA0DCB,33.366,13.293,5,1673,1
13:22:51,606405AA0DCB,33.315,13.196,5,1673,1
13:22:56,606405AA0DCB,33.406,13.293,6,1673,1
13:23:02,606405AA0DCB,33.366,13.196,5,1674,1
13:23:07,606405AA0DCB,33.336,13.196,5,1673,1
13:23:12,606405AA0DCB,33.386,13.196,5,1673,1
13:23:17,606405AA0DCB,33.487,13.293,6,1674,1
13:23:22,606405AA0DCB,33.497,13.196,6,1674,1
13:23:27,606405AA0DCB,33.386,13.196,5,1674,1
13:23:32,606405AA0DCB,33.416,13.196,6,1675,1
13:23:37,606405AA0DCB,33.416,13.196,6,1675,1
13:23:43,606405AA0DCB,33.466,13.196,6,1676,1
13:23:48,606405AA0DCB,33.416,13.196,6,1676,1
13:23:53,606405AA0DCB,33.466,13.098,6,1676,1
13:23:58,606405AA0DCB,33.557,13.19,6,1676,1
13:24:03,606405AA0DCB,33.507,13.196,6,1676,1
13:24:08,606405AA0DCB,33.366,13.098,5,1676,1
13:24:13,606405AA0DCB,33.567,13.092,6,1676,1
13:24:18,606405AA0DCB,33.537,13.19,6,1676,1
13:24:24,606405AA0DCB,33.537,13.092,6,1676,1
13:24:29,606405AA0DCB,33.557,13.092,6,1676,1
13:24:34,606405AA0DCB,33.487,13.098,6,1676,1
13:24:39,606405AA0DCB,33.628,13.092,6,1676,1
13:24:44,606405AA0DCB,33.607,13.092,6,1676,1
13:24:49,606405AA0DCB,33.527,12.994,6,1676,1
13:24:54,606405AA0DCB,33.557,13.092,6,1677,1
13:25:00,606405AA0DCB,33.587,13.092,5,1677,1
13:25:05,606405AA0DCB,33.587,13.092,6,1677,1
13:25:10,606405AA0DCB,33.607,13.092,6,1677,1
13:25:15,606405AA0DCB,33.567,13.092,6,1677,1
13:25:20,606405AA0DCB,33.658,13.092,6,1678,1
13:25:25,606405AA0DCB,33.607,13.092,6,1678,1
13:25:30,606405AA0DCB,33.648,13.092,6,1678,1
13:25:35,606405AA0DCB,33.557,13.092,6,1678,1
13:25:41,606405AA0DCB,33.607,13.19,6,1678,1
13:25:46,606405AA0DCB,33.587,13.092,6,1678,1
13:25:51,606405AA0DCB,33.658,12.994,6,1679,1
13:25:56,606405AA0DCB,33.688,12.994,6,1679,1
13:26:01,606405AA0DCB,33.718,13.092,6,1679,1
13:26:06,606405AA0DCB,33.678,12.994,6,1679,1
13:26:11,606405AA0DCB,33.658,12.994,6,1679,1
13:26:17,606405AA0DCB,33.688,12.994,6,1679,1
13:26:22,606405AA0DCB,33.678,12.994,6,1679,1
13:26:27,606405AA0DCB,33.688,12.994,6,1679,1
13:26:32,606405AA0DCB,33.688,12.994,6,1679,1
13:26:37,606405AA0DCB,33.718,12.994,6,1678,1
13:26:42,606405AA0DCB,33.779,12.988,6,1679,1
13:26:47,606405AA0DCB,33.748,12.994,6,1679,1
13:26:52,606405AA0DCB,33.779,12.988,6,1679,1
13:26:58,606405AA0DCB,33.728,12.994,6,1679,1
13:27:03,606405AA0DCB,33.688,12.994,6,1679,1
13:27:08,606405AA0DCB,33.718,12.994,6,1679,1
13:27:13,606405AA0DCB,33.809,12.988,6,1680,1
13:27:18,606405AA0DCB,33.859,12.891,6,1679,1
13:27:23,606405AA0DCB,33.839,12.891,6,1680,1
13:27:28,606405AA0DCB,33.728,12.994,6,1680,1
13:27:33,606405AA0DCB,33.789,12.891,6,1680,1
13:27:39,606405AA0DCB,33.789,12.988,6,1680,1
13:27:44,606405AA0DCB,33.819,12.891,6,1680,1
13:27:49,606405AA0DCB,33.759,12.891,6,1681,1
13:27:54,606405AA0DCB,33.789,12.891,6,1681,1
13:27:59,606405AA0DCB,33.748,12.897,6,1681,1
13:28:04,606405AA0DCB,33.839,12.891,6,1680,1
13:28:09,606405AA0DCB,33.869,12.891,6,1681,1
13:28:15,606405AA0DCB,33.879,12.891,6,1680,1
13:28:20,606405AA0DCB,33.869,12.891,6,1681,1
13:28:25,606405AA0DCB,33.859,12.891,6,1680,1
13:28:30,606405AA0DCB,33.819,12.891,6,1681,1
13:28:35,606405AA0DCB,33.9,12.891,6,1681,1
13:28:40,606405AA0DCB,33.789,12.891,6,1681,1
13:28:45,606405AA0DCB,33.93,12.891,6,1682,1
13:28:50,606405AA0DCB,33.93,12.891,6,1681,1
13:28:56,606405AA0DCB,33.819,12.891,6,1681,1
13:29:01,606405AA0DCB,33.859,12.891,6,1681,1
13:29:06,606405AA0DCB,33.93,12.891,6,1681,1
13:29:11,606405AA0DCB,33.95,12.891,6,1681,1
13:29:16,606405AA0DCB,33.95,12.891,6,1681,1
13:29:21,606405AA0DCB,33.91,12.891,6,1682,1
13:29:26,606405AA0DCB,33.93,12.793,6,1682,1
13:29:32,606405AA0DCB,33.879,12.891,6,1682,1
13:29:37,606405AA0DCB,33.93,12.891,6,1682,1
13:29:42,606405AA0DCB,33.93,12.891,6,1682,1
13:29:47,606405AA0DCB,34.02,12.878,6,1681,1
13:29:52,606405AA0DCB,34.02,12.781,1681,1681,1
13:29:57,606405AA0DCB,33.91,12.891,6,1681,1
13:30:02,606405AA0DCB,34.051,12.781,6,1681,1
13:30:07,606405AA0DCB,34.03,12.781,6,1681,1
13:30:13,606405AA0DCB,33.97,12.793,6,1681,1
13:30:18,606405AA0DCB,34.03,12.781,6,1682,1
13:30:23,606405AA0DCB,33.93,12.793,6,1682,1
13:30:28,606405AA0DCB,33.95,12.793,6,1682,1
13:30:33,606405AA0DCB,33.97,12.793,6,1682,1
13:30:38,606405AA0DCB,33.97,12.695,6,1682,1
13:30:43,606405AA0DCB,33.91,12.793,6,1682,1
13:30:48,606405AA0DCB,33.97,12.793,6,1682,1
13:30:54,606405AA0DCB,33.95,12.695,6,1683,1
13:30:59,606405AA0DCB,34,12.695,6,1683,1
13:31:04,606405AA0DCB,33.97,12.793,6,1683,1
13:31:09,606405AA0DCB,34,12.695,6,1683,1
13:31:14,606405AA0DCB,34.081,12.781,6,1682,1
13:31:19,606405AA0DCB,34.061,12.781,6,1682,1
13:31:24,606405AA0DCB,34.131,12.781,6,1682,1
13:31:30,606405AA0DCB,34.051,12.683,6,1682,1
13:31:35,606405AA0DCB,34.03,12.781,6,1682,1
13:31:40,606405AA0DCB,34.081,12.683,6,1682,1
13:31:45,606405AA0DCB,34.061,12.781,6,1683,1
13:31:50,606405AA0DCB,34.081,12.683,6,1682,1
13:31:55,606405AA0DCB,34.081,12.781,6,1682,1
13:32:00,606405AA0DCB,34.091,12.683,6,1683,1
13:32:05,606405AA0DCB,34.101,12.781,6,1684,1
13:32:11,606405AA0DCB,34.03,12.683,6,1684,1
13:32:16,606405AA0DCB,34.061,12.683,6,1684,1
13:32:21,606405AA0DCB,34.061,12.683,6,1684,1
13:32:26,606405AA0DCB,34.121,12.683,6,1684,1
13:32:31,606405AA0DCB,34.171,12.683,6,1684,1
13:32:36,606405AA0DCB,34.131,12.683,6,1684,1
13:32:41,606405AA0DCB,34.101,12.683,6,1684,1
13:32:47,606405AA0DCB,34.101,12.683,6,1684,1
13:32:52,606405AA0DCB,34.192,12.683,6,1684,1
13:32:57,606405AA0DCB,34.151,12.683,6,1683,1
13:33:02,606405AA0DCB,34.101,12.683,6,1683,1
13:33:07,606405AA0DCB,34.171,12.683,6,1682,1
13:33:12,606405AA0DCB,34.242,12.781,6,1682,1
13:33:17,606405AA0DCB,34.151,12.585,6,1682,1
13:33:22,606405AA0DCB,34.161,12.683,6,1682,1
13:33:28,606405AA0DCB,34.131,12.683,6,1682,1
13:33:33,606405AA0DCB,34.151,12.683,6,1682,1
13:33:38,606405AA0DCB,34.212,12.683,6,1683,1
13:33:43,606405AA0DCB,34.121,12.683,6,1681,1
13:33:48,606405AA0DCB,34.061,12.494,6,1668,1
13:33:53,606405AA0DCB,34.091,12.299,6,1657,1
13:33:58,606405AA0DCB,34.131,12.201,6,1650,1
13:34:04,606405AA0DCB,34.101,12.103,6,1645,1
13:34:09,606405AA0DCB,34.03,12.103,6,1641,1
13:34:14,606405AA0DCB,34.051,12.103,6,1637,1
13:34:19,606405AA0DCB,34.081,12.006,5,1635,1
13:34:24,606405AA0DCB,34.03,12.103,6,1630,1
13:34:29,606405AA0DCB,33.98,12.012,6,1622,1
13:34:34,606405AA0DCB,34.02,12.006,5,1613,1
13:34:39,606405AA0DCB,33.98,12.109,5,1601,1
13:34:45,606405AA0DCB,33.879,12.012,5,1587,1
13:34:50,606405AA0DCB,33.91,12.012,5,1571,1
13:34:55,606405AA0DCB,33.839,12.012,5,1555,1
13:35:00,606405AA0DCB,33.759,12.012,5,1539,1
13:35:05,606405AA0DCB,33.688,12.012,5,1525,1
13:35:10,606405AA0DCB,33.759,12.012,5,1513,1
13:35:15,606405AA0DCB,33.779,12.012,5,1500,1
13:35:20,606405AA0DCB,33.628,12.012,5,1486,1
13:35:26,606405AA0DCB,33.628,12.012,5,1474,1
13:35:31,606405AA0DCB,33.587,11.914,5,1463,1
13:35:36,606405AA0DCB,33.597,12.012,5,1450,1
13:35:41,606405AA0DCB,33.487,12.115,5,1438,1
13:35:46,606405AA0DCB,33.487,12.018,5,1427,1
13:35:51,606405AA0DCB,33.507,12.115,5,1416,1
13:35:56,606405AA0DCB,-1000,11.92,5,1406,1
13:36:02,606405AA0DCB,33.386,12.018,5,1395,1
13:36:07,606405AA0DCB,33.416,12.115,5,1386,1
13:36:12,606405AA0DCB,33.366,12.018,5,1375,1
13:36:17,606405AA0DCB,33.255,12.024,5,1366,1
13:36:22,606405AA0DCB,33.285,12.115,5,1358,1
13:36:27,606405AA0DCB,33.235,12.122,5,1350,1
13:36:32,606405AA0DCB,33.185,12.122,5,1342,1
13:36:37,606405AA0DCB,33.164,12.122,5,1334,1
13:36:43,606405AA0DCB,33.195,12.122,5,1327,1
13:36:48,606405AA0DCB,33.154,12.122,5,1320,1
13:36:53,606405AA0DCB,33.185,12.122,5,1313,1
13:36:58,606405AA0DCB,33.013,12.122,5,1307,1
13:37:03,606405AA0DCB,32.963,12.128,5,1297,1
13:37:08,606405AA0DCB,32.933,12.128,5,1290,1
13:37:13,606405AA0DCB,32.943,12.225,5,1284,1
13:37:19,606405AA0DCB,33.013,12.122,5,1278,1
13:37:24,606405AA0DCB,32.872,12.225,5,1272,1
13:37:29,606405AA0DCB,32.943,12.225,5,1265,1
13:37:34,606405AA0DCB,32.882,12.225,5,1259,1
13:37:39,606405AA0DCB,32.872,12.225,5,1252,1
13:37:44,606405AA0DCB,32.923,12.323,5,1247,1
13:37:49,606405AA0DCB,32.822,12.225,5,1242,1
13:37:54,606405AA0DCB,32.872,12.225,5,1236,1
13:38:00,606405AA0DCB,32.852,12.323,5,1232,1
13:38:05,606405AA0DCB,32.751,12.329,5,1227,1
13:38:10,606405AA0DCB,32.721,12.329,5,1222,1
13:38:15,606405AA0DCB,32.741,12.329,5,1216,1
13:38:20,606405AA0DCB,32.741,12.329,5,1211,1
13:38:25,606405AA0DCB,32.651,12.329,5,1208,1
13:38:30,606405AA0DCB,32.671,12.329,5,1204,1
13:38:36,606405AA0DCB,32.59,12.427,5,1201,1
13:38:41,606405AA0DCB,32.57,12.329,5,1196,1
13:38:46,606405AA0DCB,32.691,12.329,5,1193,1
13:38:51,606405AA0DCB,32.6,12.427,5,1190,1
13:38:56,606405AA0DCB,32.56,12.427,5,1187,1
13:39:01,606405AA0DCB,32.56,12.427,5,1184,1
13:39:06,606405AA0DCB,32.52,12.427,5,1181,1
13:39:11,606405AA0DCB,32.55,12.427,5,1176,1
13:39:17,606405AA0DCB,32.56,12.427,5,1174,1
13:39:22,606405AA0DCB,32.439,12.433,5,1169,1
13:39:27,606405AA0DCB,32.51,12.329,5,1166,1
13:39:32,606405AA0DCB,32.449,12.433,5,1164,1
13:39:37,606405AA0DCB,32.449,12.433,5,1161,1
13:39:42,606405AA0DCB,32.48,12.433,5,1158,1
13:39:47,606405AA0DCB,32.469,12.433,5,1155,1
13:39:52,606405AA0DCB,32.48,12.433,5,1154,1
13:39:58,606405AA0DCB,32.449,12.537,5,1153,1
13:40:03,606405AA0DCB,32.5,12.537,5,1151,1
13:40:08,606405AA0DCB,32.429,12.537,5,1149,1
13:40:13,606405AA0DCB,32.429,12.537,5,1147,1
13:40:18,606405AA0DCB,32.318,12.537,5,1143,1
13:40:23,606405AA0DCB,32.409,12.537,5,1138,1
13:40:28,606405AA0DCB,32.429,12.537,5,1137,1
13:40:34,606405AA0DCB,32.318,12.537,5,1137,1
13:40:39,606405AA0DCB,32.298,12.537,5,1134,1
13:40:44,606405AA0DCB,32.318,12.537,5,1132,1
13:40:49,606405AA0DCB,32.349,12.634,5,1130,1
13:40:54,606405AA0DCB,32.328,-1000,5,1128,1
13:40:59,606405AA0DCB,32.288,12.634,5,1127,1
13:41:04,606405AA0DCB,32.328,12.634,5,1126,1
13:41:09,606405AA0DCB,32.328,12.634,5,1125,1
13:41:15,606405AA0DCB,32.318,12.537,5,1122,1
13:41:20,606405AA0DCB,32.278,12.634,5,1122,1
13:41:25,606405AA0DCB,32.328,12.537,5,1120,1
13:41:30,606405AA0DCB,32.248,12.64,5,1118,1
13:41:35,606405AA0DCB,32.278,12.634,5,1116,1
13:41:40,606405AA0DCB,32.318,12.634,5,1114,1
13:41:45,606405AA0DCB,32.328,12.634,5,1113,1
13:41:51,606405AA0DCB,32.258,12.64,5,1111,1
13:41:56,606405AA0DCB,32.318,12.634,5,1110,1
13:42:01,606405AA0DCB,32.248,12.64,5,1108,1
13:42:06,606405AA0DCB,32.218,12.64,5,4095,1
13:42:11,606405AA0DCB,32.288,12.634,5,1108,1
13:42:16,606405AA0DCB,32.208,12.64,5,1107,1
13:42:21,606405AA0DCB,32.349,12.634,5,1106,1
13:42:26,606405AA0DCB,32.248,12.64,5,1104,1
13:42:32,606405AA0DCB,32.228,12.64,5,1103,1
13:42:37,606405AA0DCB,32.218,12.543,5,1103,1
13:42:42,606405AA0DCB,32.258,12.64,5,1102,1
13:42:47,606405AA0DCB,32.228,12.64,5,1101,1
13:42:52,606405AA0DCB,32.208,12.64,5,1101,1
13:42:57,606405AA0DCB,32.248,12.738,1099,1099,1
13:43:02,606405AA0DCB,32.258,12.543,5,1098,1
13:43:08,606405AA0DCB,32.278,12.732,5,1097,1
13:43:13,606405AA0DCB,32.248,12.738,5,1096,1
13:43:18,606405AA0DCB,32.218,12.738,5,1094,1
13:43:23,606405AA0DCB,32.288,12.83,5,1094,1
13:43:28,606405AA0DCB,32.218,12.738,5,1093,1
13:43:33,606405AA0DCB,32.328,12.634,5,1093,1
13:43:38,606405AA0DCB,32.218,12.738,5,1093,1
13:43:43,606405AA0DCB,32.218,12.738,5,1091,1
13:43:49,606405AA0DCB,32.218,12.64,5,1091,1
13:43:54,606405AA0DCB,32.258,12.738,5,1090,1
13:43:59,606405AA0DCB,32.218,12.836,5,1090,1
13:44:04,606405AA0DCB,32.218,12.738,5,1090,1
13:44:09,606405AA0DCB,32.177,12.738,5,1088,1
13:44:14,606405AA0DCB,32.328,12.732,5,1087,1
13:44:19,606405AA0DCB,32.278,12.732,5,1085,1
13:44:24,606405AA0DCB,32.298,12.732,5,1084,1
13:44:30,606405AA0DCB,32.147,12.738,5,1084,1
13:44:35,606405AA0DCB,32.278,12.732,5,1083,1
13:44:40,606405AA0DCB,32.399,12.732,5,1082,1
13:44:45,606405AA0DCB,32.218,12.738,5,1081,1
13:44:50,606405AA0DCB,32.137,12.738,5,1081,1
13:44:55,606405AA0DCB,32.218,12.738,5,1081,1
13:45:00,606405AA0DCB,32.349,12.732,5,1083,1
13:45:06,606405AA0DCB,32.288,12.732,5,1083,1
13:45:11,606405AA0DCB,32.228,12.836,5,1082,1
13:45:16,606405AA0DCB,32.218,12.738,5,1082,1
13:45:21,606405AA0DCB,32.278,12.732,5,1081,1
13:45:26,606405AA0DCB,32.278,12.732,5,1079,1
13:45:31,606405AA0DCB,32.318,12.634,5,1077,1
13:45:36,606405AA0DCB,32.228,12.738,5,1078,1
13:45:41,606405AA0DCB,32.278,12.732,5,1078,1
13:45:47,606405AA0DCB,32.298,12.732,5,1079,1
13:45:52,606405AA0DCB,32.248,12.738,5,1078,1
13:45:57,606405AA0DCB,32.298,12.83,5,1076,1
13:46:02,606405AA0DCB,32.298,12.732,5,1077,1
13:46:07,606405AA0DCB,32.278,12.634,5,1079,1
13:46:12,606405AA0DCB,32.288,12.83,5,1078,1
13:46:17,606405AA0DCB,32.318,12.83,5,1080,1
13:46:23,606405AA0DCB,32.258,12.836,5,1079,1
13:46:28,606405AA0DCB,32.369,12.83,5,1078,1
13:46:33,606405AA0DCB,32.379,12.732,5,1078,1
13:46:38,606405AA0DCB,32.399,12.732,5,1076,1
13:46:43,606405AA0DCB,32.298,12.83,5,1076,1
13:46:48,606405AA0DCB,32.349,12.83,5,1075,1
13:46:53,606405AA0DCB,32.318,12.83,5,1076,1
13:46:58,606405AA0DCB,32.318,12.732,5,1075,1
13:47:04,606405AA0DCB,32.399,12.83,5,1075,1
13:47:09,606405AA0DCB,32.369,12.83,5,1075,1
13:47:14,606405AA0DCB,32.439,12.83,5,1076,1
13:47:19,606405AA0DCB,32.298,12.732,5,1076,1
13:47:24,606405AA0DCB,32.318,12.83,5,1075,1
13:47:29,606405AA0DCB,32.349,12.732,5,1074,1
13:47:34,606405AA0DCB,32.328,12.83,5,1074,1
13:47:40,606405AA0DCB,32.469,12.83,5,1072,1
13:47:45,606405AA0DCB,32.349,12.83,5,1071,1
13:47:50,606405AA0DCB,32.369,12.83,5,1072,1
13:47:55,606405AA0DCB,32.429,12.83,5,1073,1
13:48:00,606405AA0DCB,32.399,12.83,5,1074,1
13:48:05,606405AA0DCB,32.469,12.927,5,1074,1
13:48:10,606405AA0DCB,32.439,12.83,5,1073,1
13:48:15,606405AA0DCB,32.409,12.83,5,1071,1
13:48:21,606405AA0DCB,32.439,12.732,5,1070,1
13:48:26,606405AA0DCB,32.399,12.83,5,1069,1
13:48:31,606405AA0DCB,32.469,12.83,5,1069,1
13:48:36,606405AA0DCB,32.449,12.83,5,1071,1
13:48:41,606405AA0DCB,32.429,12.927,5,1072,1
13:48:46,606405AA0DCB,32.409,12.927,5,1071,1
13:48:51,606405AA0DCB,32.409,12.83,5,1072,1
13:48:57,606405AA0DCB,32.409,12.83,5,1072,1
13:49:02,606405AA0DCB,32.429,12.83,5,1071,1
13:49:07,606405AA0DCB,32.48,12.83,5,1072,1
13:49:12,606405AA0DCB,32.5,12.83,5,1071,1
13:49:17,606405AA0DCB,32.469,12.83,5,1070,1
13:49:22,606405AA0DCB,32.439,12.83,5,1068,1
13:49:27,606405AA0DCB,32.51,12.921,5,1068,1
13:49:32,606405AA0DCB,32.51,12.823,5,1069,1
13:49:38,606405AA0DCB,32.55,12.823,5,1069,1
13:49:43,606405AA0DCB,32.5,12.83,5,1067,1
13:49:48,606405AA0DCB,32.469,12.83,5,1068,1
13:49:53,606405AA0DCB,32.621,12.823,5,1067,1
13:49:58,606405AA0DCB,32.56,12.823,5,1067,1
13:50:03,606405AA0DCB,32.52,12.823,5,1068,1
13:50:08,606405AA0DCB,32.56,12.921,5,1070,1
13:50:13,606405AA0DCB,32.56,12.823,5,1069,1
13:50:19,606405AA0DCB,32.59,12.921,5,1069,1
13:50:24,606405AA0DCB,32.631,12.823,5,1069,1
13:50:29,606405AA0DCB,32.621,12.823,5,1067,1
13:50:34,606405AA0DCB,32.51,12.823,5,1068,1
13:50:39,606405AA0DCB,32.56,12.823,5,1067,1
13:50:44,606405AA0DCB,32.651,12.823,5,1068,1
13:50:49,606405AA0DCB,32.59,12.921,5,1068,1
13:50:55,606405AA0DCB,32.59,12.921,5,1066,1
13:51:00,606405AA0DCB,32.631,12.823,5,1065,1
13:51:05,606405AA0DCB,32.651,12.823,5,1066,1
13:51:10,606405AA0DCB,32.59,12.823,5,1067,1
13:51:15,606405AA0DCB,32.651,12.823,5,1066,1
13:51:20,606405AA0DCB,32.6,12.823,5,1066,1
13:51:25,606405AA0DCB,32.651,12.823,5,1064,1
13:51:30,606405AA0DCB,32.621,12.823,5,1065,1
13:51:36,606405AA0DCB,32.55,12.823,5,1065,1
13:51:41,606405AA0DCB,32.651,12.823,5,1064,1
13:51:46,606405AA0DCB,32.631,12.823,5,1065,1
13:51:51,606405AA0DCB,32.721,12.823,5,1066,1
13:51:56,606405AA0DCB,32.671,12.823,5,1064,1
13:52:01,606405AA0DCB,32.661,12.726,5,1065,1
13:52:06,606405AA0DCB,32.691,12.823,5,1066,1
13:52:11,606405AA0DCB,32.751,12.823,5,1066,1
13:52:17,606405AA0DCB,32.59,12.921,5,1067,1
13:52:22,606405AA0DCB,32.741,12.823,5,1066,1
13:52:27,606405AA0DCB,32.701,12.823,5,1066,1
13:52:32,606405AA0DCB,32.721,12.823,5,1066,1
13:52:37,606405AA0DCB,32.671,12.823,5,1067,1
13:52:42,606405AA0DCB,32.621,12.921,5,1066,1
13:52:47,606405AA0DCB,32.671,12.823,5,1065,1
13:52:53,606405AA0DCB,32.701,12.823,5,1065,1
13:52:58,606405AA0DCB,32.782,12.817,15,1066,1
13:53:03,606405AA0DCB,32.701,12.823,5,1066,1
13:53:08,606405AA0DCB,32.751,12.823,5,1067,1
13:53:13,606405AA0DCB,32.751,12.823,5,1068,1
13:53:18,606405AA0DCB,32.772,12.817,5,1069,1
13:53:23,606405AA0DCB,32.792,12.817,5,1068,1
13:53:28,606405AA0DCB,-1000,12.817,5,1067,1
13:53:34,606405AA0DCB,32.751,12.823,5,1066,1
13:53:39,606405AA0DCB,32.772,12.817,5,1066,1
13:53:44,606405AA0DCB,32.812,12.817,5,1066,1
13:53:49,606405AA0DCB,32.782,12.817,5,1065,1
13:53:54,606405AA0DCB,32.741,12.726,5,1066,1
13:53:59,606405AA0DCB,32.772,12.915,5,1067,1
13:54:04,606405AA0DCB,32.772,12.915,5,1068,1
13:54:10,606405AA0DCB,32.892,12.817,5,1068,1
13:54:15,606405AA0DCB,32.721,12.823,5,1069,1
13:54:20,606405AA0DCB,32.822,12.817,5,1068,1
13:54:25,606405AA0DCB,32.772,12.817,5,1069,1
13:54:30,606405AA0DCB,32.842,12.817,5,1069,1
13:54:35,606405AA0DCB,32.812,12.915,5,1069,1
13:54:40,606405AA0DCB,32.792,12.817,5,1068,1
13:54:45,606405AA0DCB,32.852,12.817,5,1068,1
13:54:51,606405AA0DCB,32.923,12.817,5,1067,1
13:54:56,606405AA0DCB,-1000,12.817,5,1067,1
13:55:01,606405AA0DCB,32.923,12.817,5,1067,1
13:55:06,606405AA0DCB,32.782,12.817,5,1067,1
13:55:11,606405AA0DCB,32.963,12.72,5,1067,1
13:55:16,606405AA0DCB,32.892,12.817,5,1069,1
13:55:21,606405AA0DCB,32.842,12.817,5,1069,1
13:55:27,606405AA0DCB,32.963,12.817,5,1067,1
13:55:32,606405AA0DCB,32.892,12.817,5,1066,1
13:55:37,606405AA0DCB,32.882,12.817,5,1066,1
13:55:42,606405AA0DCB,32.852,12.817,5,1066,1
13:55:47,606405AA0DCB,32.923,12.817,5,1067,1
13:55:52,606405AA0DCB,32.993,12.72,5,1066,1
13:55:57,606405AA0DCB,32.933,12.817,5,1068,1
13:56:02,606405AA0DCB,32.943,12.817,5,1069,1
13:56:08,606405AA0DCB,32.943,12.817,5,1069,1
13:56:13,606405AA0DCB,32.923,12.817,5,1069,1
13:56:18,606405AA0DCB,32.933,12.817,5,1068,1
13:56:23,606405AA0DCB,32.963,12.72,5,1068,1
13:56:28,606405AA0DCB,32.923,12.817,5,1069,1
13:56:33,606405AA0DCB,32.993,12.817,5,1067,1
13:56:38,606405AA0DCB,32.882,12.817,5,1067,1
13:56:43,606405AA0DCB,32.943,12.817,5,1067,1
13:56:49,606405AA0DCB,32.943,12.72,5,1069,1
13:56:54,606405AA0DCB,32.993,12.817,5,1070,1
13:56:59,606405AA0DCB,33.013,12.714,5,1070,1
13:57:04,606405AA0DCB,33.013,12.811,5,1069,1
13:57:09,606405AA0DCB,32.923,12.915,5,1067,1
13:57:14,606405AA0DCB,32.993,12.817,5,1069,1
13:57:19,606405AA0DCB,32.963,12.817,5,1070,1
13:57:25,606405AA0DCB,33.003,12.817,5,1071,1
13:57:30,606405AA0DCB,33.033,12.811,5,1070,1
13:57:35,606405AA0DCB,33.033,12.714,5,1069,1
13:57:40,606405AA0DCB,33.094,12.714,5,1068,1
13:57:45,606405AA0DCB,33.033,12.714,5,1067,1
13:57:50,606405AA0DCB,33.044,12.811,5,1067,1
13:57:55,606405AA0DCB,33.033,12.714,5,1068,1
13:58:00,606405AA0DCB,33.003,12.817,5,1067,1
13:58:06,606405AA0DCB,33.044,12.714,5,1066,1
13:58:11,606405AA0DCB,33.114,12.811,5,1067,1
13:58:16,606405AA0DCB,33.033,12.714,5,1066,1
13:58:21,606405AA0DCB,33.074,12.714,5,1067,1
13:58:26,606405AA0DCB,33.114,12.714,5,1069,1
13:58:31,606405AA0DCB,33.074,12.714,5,1068,1
13:58:36,606405AA0DCB,33.013,12.714,5,1068,1
13:58:42,606405AA0DCB,33.064,12.714,5,1067,1
13:58:47,606405AA0DCB,33.215,12.811,5,1068,1
13:58:52,606405AA0DCB,33.154,12.714,5,1068,1
13:58:57,606405AA0DCB,33.074,12.811,5,1067,1
13:59:02,606405AA0DCB,33.144,12.714,5,1066,1
13:59:07,606405AA0DCB,33.154,12.811,5,1065,1
13:59:12,606405AA0DCB,33.164,12.714,5,1066,1
13:59:17,606405AA0DCB,33.185,12.714,5,1067,1
13:59:23,606405AA0DCB,33.144,12.811,5,1066,1
13:59:28,606405AA0DCB,33.144,12.714,5,1065,1
13:59:33,606405AA0DCB,33.154,12.714,5,1065,1
13:59:38,606405AA0DCB,33.164,12.714,5,1068,1
13:59:43,606405AA0DCB,33.225,12.714,5,1068,1
13:59:48,606405AA0DCB,33.094,12.811,5,1069,1
13:59:53,606405AA0DCB,33.154,12.714,5,1069,1
13:59:59,606405AA0DCB,33.195,12.714,5,1068,1
14:00:04,606405AA0DCB,33.144,12.714,5,1070,1
14:00:09,606405AA0DCB,33.154,12.714,5,1068,1
14:00:14,606405AA0DCB,33.255,12.714,5,1066,1
14:00:19,606405AA0DCB,33.154,12.811,5,1066,1
14:00:24,606405AA0DCB,33.285,12.708,5,1066,1
14:00:29,606405AA0DCB,33.164,12.714,5,1065,1
14:00:34,606405AA0DCB,33.255,12.714,5,1068,1
14:00:40,606405AA0DCB,33.144,12.714,5,1068,1
14:00:45,606405AA0DCB,33.225,12.714,5,1067,1
14:00:50,606405AA0DCB,33.275,12.714,5,1068,1
14:00:55,606405AA0DCB,33.225,12.714,5,1069,1
14:01:00,606405AA0DCB,33.185,12.714,5,1068,1
14:01:05,606405AA0DCB,33.315,12.708,5,1068,1
14:01:10,606405AA0DCB,33.164,12.616,5,1066,1
14:01:16,606405AA0DCB,33.215,12.714,5,1066,1
14:01:21,606405AA0DCB,33.235,12.714,5,1066,1
14:01:26,606405AA0DCB,33.235,12.714,5,1065,1
14:01:31,606405AA0DCB,33.215,12.616,5,1065,1
14:01:36,606405AA0DCB,33.275,12.714,5,1065,1
14:01:41,606405AA0DCB,33.315,12.61,5,1064,1
14:01:46,606405AA0DCB,33.255,12.714,5,1064,1
14:01:51,606405AA0DCB,33.305,12.708,5,1065,1
14:01:57,606405AA0DCB,33.315,12.708,5,1065,1
14:02:02,606405AA0DCB,33.366,12.708,5,1065,1
14:02:07,606405AA0DCB,33.255,12.714,5,1066,1
14:02:12,606405AA0DCB,33.315,12.708,5,1065,1
14:02:17,606405AA0DCB,33.275,12.616,5,1066,1
14:02:22,606405AA0DCB,33.315,12.708,5,1065,1
14:02:27,606405AA0DCB,33.305,12.708,5,1065,1
14:02:32,606405AA0DCB,33.366,12.61,5,1066,1
14:02:38,606405AA0DCB,33.346,12.708,5,1065,1
14:02:43,606405AA0DCB,33.285,12.708,5,1064,1
14:02:48,606405AA0DCB,33.315,12.61,5,1063,1
14:02:53,606405AA0DCB,33.305,12.708,5,1064,1
14:02:58,606405AA0DCB,33.315,12.708,5,1062,1
14:03:03,606405AA0DCB,33.305,12.61,5,1063,1
14:03:08,606405AA0DCB,33.305,12.708,5,1063,1
14:03:14,606405AA0DCB,33.315,12.708,5,1062,1
14:03:19,606405AA0DCB,33.416,12.708,5,1062,1
14:03:24,606405AA0DCB,33.386,12.61,5,1063,1
14:03:29,606405AA0DCB,33.376,12.805,5,1062,1
14:03:34,606405AA0DCB,33.346,12.61,5,1063,1
14:03:39,606405AA0DCB,33.386,12.61,5,1064,1
14:03:44,606405AA0DCB,33.386,12.61,5,1063,1
14:03:49,606405AA0DCB,33.386,12.61,5,1064,1
14:03:55,606405AA0DCB,33.416,12.61,5,1065,1
14:04:00,606405AA0DCB,33.416,12.61,5,1064,1
14:04:05,606405AA0DCB,33.366,12.61,5,1065,1
14:04:10,606405AA0DCB,33.406,12.61,5,1069,1
14:04:15,606405AA0DCB,33.386,12.708,5,1081,1
14:04:20,606405AA0DCB,33.346,12.61,5,1096,1
14:04:25,606405AA0DCB,33.336,12.61,5,1113,1
14:04:31,606405AA0DCB,33.436,12.61,5,1132,1
14:04:36,606405AA0DCB,33.446,12.61,5,1150,1
14:04:41,606405AA0DCB,33.406,12.61,5,1168,1
14:04:46,606405AA0DCB,33.366,12.61,5,1185,1
14:04:51,606405AA0DCB,33.446,12.61,5,1201,1
14:04:56,606405AA0DCB,33.436,12.61,5,1218,1
14:05:01,606405AA0DCB,33.497,12.61,5,1233,1
14:05:06,606405AA0DCB,33.386,12.61,5,1248,1
14:05:12,606405AA0DCB,33.416,12.61,5,1263,1
14:05:17,606405AA0DCB,33.386,12.61,5,1277,1
14:05:22,606405AA0DCB,33.436,12.61,5,1290,1
14:05:27,606405AA0DCB,33.466,12.61,5,1303,1
14:05:32,606405AA0DCB,33.466,12.61,5,1315,1
14:05:37,606405AA0DCB,33.416,12.61,5,1327,1
14:05:42,606405AA0DCB,33.436,12.512,5,1338,1
14:05:48,606405AA0DCB,33.497,12.61,5,1348,1
14:05:53,606405AA0DCB,33.507,12.61,5,1358,1
14:05:58,606405AA0DCB,33.416,12.61,5,1368,1
14:06:03,606405AA0DCB,33.497,12.61,5,1376,1
14:06:08,606405AA0DCB,33.436,12.61,5,1385,1
14:06:13,606405AA0DCB,33.567,12.604,5,1394,1
14:06:18,606405AA0DCB,33.527,12.604,5,1402,1
14:06:23,606405AA0DCB,33.537,12.604,5,1410,1
14:06:29,606405AA0DCB,33.436,12.61,5,1417,1
14:06:34,606405AA0DCB,33.466,12.61,5,1425,1
14:06:39,606405AA0DCB,33.587,12.604,5,1432,1
14:06:44,606405AA0DCB,33.557,12.506,5,1439,1
14:06:49,606405AA0DCB,33.487,12.61,6,1445,1
14:06:54,606405AA0DCB,33.537,12.604,5,1451,1
14:06:59,606405AA0DCB,33.406,12.512,6,1456,1
14:07:04,606405AA0DCB,33.527,12.604,6,1462,1
14:07:10,606405AA0DCB,33.497,12.61,6,1468,1
14:07:15,606405AA0DCB,33.527,12.506,6,1473,1
14:07:20,606405AA0DCB,-19.365,12.604,6,1478,1
14:07:25,606405AA0DCB,33.527,12.604,6,1482,1
14:07:30,606405AA0DCB,33.527,12.506,6,1487,1
14:07:35,606405AA0DCB,33.537,12.604,6,1491,1
14:07:40,606405AA0DCB,33.587,12.604,6,1495,1
14:07:46,606405AA0DCB,33.557,12.604,6,1500,1
14:07:51,606405AA0DCB,33.567,12.604,6,1503,1
14:07:56,606405AA0DCB,33.507,12.512,6,1507,1
14:08:01,606405AA0DCB,33.587,12.402,6,1510,1
14:08:06,606405AA0DCB,33.587,12.506,6,1513,1
14:08:11,606405AA0DCB,33.597,12.604,6,1516,1
14:08:16,606405AA0DCB,33.607,12.506,6,1520,1
14:08:21,606405AA0DCB,33.597,12.506,6,1522,1
14:08:27,606405AA0DCB,33.527,12.506,6,1525,1
14:08:32,606405AA0DCB,33.587,12.506,6,1527,1
14:08:37,606405AA0DCB,33.597,12.506,6,1530,1
14:08:42,606405AA0DCB,33.567,12.506,6,1533,1
14:08:47,606405AA0DCB,33.587,12.506,6,1535,1
14:08:52,606405AA0DCB,33.648,12.506,6,1538,1
14:08:57,606405AA0DCB,33.537,12.506,6,1541,1
14:09:02,606405AA0DCB,33.567,12.402,6,1544,1
14:09:08,606405AA0DCB,33.567,12.506,6,1546,1
14:09:13,606405AA0DCB,33.708,12.402,6,1547,1
14:09:18,606405AA0DCB,33.607,12.506,6,1549,1
14:09:23,606405AA0DCB,33.628,12.402,6,1551,1
14:09:28,606405AA0DCB,33.607,12.506,6,1553,1
14:09:33,606405AA0DCB,33.678,12.402,6,1554,1
14:09:38,606405AA0DCB,33.597,12.506,6,1555,1
14:09:44,606405AA0DCB,33.658,12.402,6,1557,1
14:09:49,606405AA0DCB,33.607,12.506,6,1558,1
14:09:54,606405AA0DCB,33.688,12.402,6,1559,1
14:09:59,606405AA0DCB,33.658,12.506,6,1561,1
14:10:04,606405AA0DCB,33.678,12.506,6,1562,1
14:10:09,606405AA0DCB,33.648,12.402,6,1563,1
14:10:14,606405AA0DCB,33.628,12.402,6,1565,1
14:10:19,606405AA0DCB,33.718,12.402,6,1566,1
14:10:25,606405AA0DCB,33.628,12.402,6,1566,1
14:10:30,606405AA0DCB,33.708,12.402,6,1568,1
14:10:35,606405AA0DCB,33.678,12.402,6,1569,1
14:10:40,606405AA0DCB,33.708,12.402,6,1570,1
14:10:45,606405AA0DCB,33.678,12.402,6,1571,1
14:10:50,606405AA0DCB,33.648,12.402,6,1572,1
14:10:55,606405AA0DCB,33.628,12.402,6,1572,1
14:11:01,606405AA0DCB,33.628,12.506,6,1573,1
14:11:06,606405AA0DCB,33.628,12.402,6,1574,1
14:11:11,606405AA0DCB,33.728,12.402,6,1575,1
14:11:16,606405AA0DCB,33.678,12.506,6,1575,1
14:11:21,606405AA0DCB,33.759,12.402,6,1576,1
14:11:26,606405AA0DCB,33.648,12.402,6,1576,1
14:11:31,606405AA0DCB,33.708,12.305,6,1577,1
14:11:36,606405AA0DCB,33.688,12.402,6,1578,1
14:11:42,606405AA0DCB,33.728,12.402,6,1578,1
14:11:47,606405AA0DCB,33.718,12.506,6,1578,1
14:11:52,606405AA0DCB,33.759,12.402,6,1579,1
14:11:57,606405AA0DCB,33.779,12.402,6,1579,1
14:12:02,606405AA0DCB,33.718,12.305,6,1580,1
14:12:07,606405AA0DCB,33.728,12.402,6,1580,1
14:12:12,606405AA0DCB,33.718,12.402,6,1580,1
14:12:17,606405AA0DCB,33.688,12.402,6,1581,1
14:12:23,606405AA0DCB,33.718,12.402,6,1581,1
14:12:28,606405AA0DCB,33.658,12.305,6,1581,1
14:12:33,606405AA0DCB,33.688,12.305,6,1581,1
14:12:38,606405AA0DCB,33.748,12.305,6,1582,1
14:12:43,606405AA0DCB,33.748,12.305,6,1582,1
14:12:48,606405AA0DCB,33.779,12.402,6,1582,1
14:12:53,606405AA0DCB,33.759,12.305,6,1583,1
14:12:59,606405AA0DCB,33.759,12.305,6,1583,1
14:13:04,606405AA0DCB,33.728,12.305,6,1583,1
14:13:09,606405AA0DCB,33.708,12.305,6,1584,1
14:13:14,606405AA0DCB,33.688,12.305,6,1584,1
14:13:19,606405AA0DCB,33.718,12.305,6,1584,1
14:13:24,606405AA0DCB,33.759,12.305,6,1584,1
14:13:29,606405AA0DCB,33.748,12.402,6,1584,1
14:13:34,606405AA0DCB,33.789,12.402,6,1584,1
14:13:40,606405AA0DCB,33.728,12.305,6,1584,1
14:13:45,606405AA0DCB,33.708,12.305,6,1585,1
14:13:50,606405AA0DCB,33.859,12.305,6,1585,1
14:13:55,606405AA0DCB,33.688,12.402,6,1585,1
14:14:00,606405AA0DCB,33.839,12.305,6,1585,1
14:14:05,606405AA0DCB,33.789,12.207,6,1585,1
14:14:10,606405AA0DCB,33.789,12.305,6,1585,1
14:14:15,606405AA0DCB,33.789,12.305,6,1585,1
14:14:21,606405AA0DCB,33.789,12.305,6,1585,1
14:14:26,606405AA0DCB,33.789,12.207,6,1585,1
14:14:31,606405AA0DCB,33.759,12.402,6,1585,1
14:14:36,606405AA0DCB,33.839,12.305,6,1585,1
14:14:41,606405AA0DCB,33.789,12.305,6,1585,1
14:14:46,606405AA0DCB,33.748,12.305,6,1585,1
14:14:51,606405AA0DCB,33.839,12.207,6,1585,1
14:14:57,606405AA0DCB,33.789,12.207,6,1586,1
14:15:02,606405AA0DCB,33.789,12.207,6,1585,1
14:15:07,606405AA0DCB,-1000,-1000,6,1586,1
14:15:12,606405AA0DCB,33.839,12.305,6,1585,1
14:15:17,606405AA0DCB,33.839,12.207,6,1585,1
14:15:22,606405AA0DCB,33.728,12.207,6,1585,1
14:15:27,606405AA0DCB,33.819,12.207,6,1585,1
14:15:33,606405AA0DCB,33.779,12.305,6,1585,1
14:15:38,606405AA0DCB,33.839,12.207,6,1585,1
14:15:43,606405AA0DCB,33.839,12.305,6,1586,1
14:15:48,606405AA0DCB,33.859,12.207,6,1586,1
14:15:53,606405AA0DCB,33.839,12.207,6,1585,1
14:15:58,606405AA0DCB,33.789,12.207,6,1586,1
14:16:03,606405AA0DCB,33.859,12.207,6,1586,1
14:16:08,606405AA0DCB,33.859,12.207,6,1585,1
14:16:14,606405AA0DCB,33.859,12.207,6,1585,1
14:16:19,606405AA0DCB,33.839,12.207,6,1585,1
14:16:24,606405AA0DCB,33.879,12.207,6,1585,1
14:16:29,606405AA0DCB,33.879,12.305,6,1585,1
14:16:34,606405AA0DCB,33.809,12.305,6,1585,1
14:16:39,606405AA0DCB,33.819,12.207,6,1585,1
14:16:44,606405AA0DCB,33.869,12.207,6,1585,1
14:16:50,606405AA0DCB,33.809,12.207,6,1585,1
14:16:55,606405AA0DCB,33.779,12.207,6,1585,1
14:17:00,606405AA0DCB,33.839,12.207,6,1585,1
14:17:05,606405AA0DCB,33.789,12.207,6,1585,1
14:17:10,606405AA0DCB,33.859,12.207,6,1585,1
14:17:15,606405AA0DCB,33.789,12.109,6,1585,1
14:17:20,606405AA0DCB,33.869,12.109,6,1584,1
14:17:25,606405AA0DCB,33.859,12.207,6,1585,1
14:17:31,606405AA0DCB,33.819,12.207,6,1585,1
14:17:36,606405AA0DCB,33.839,12.207,6,1585,1
14:17:41,606405AA0DCB,33.819,12.109,6,1585,1
14:17:46,606405AA0DCB,33.879,12.109,6,1585,1
14:17:51,606405AA0DCB,33.879,12.207,6,1585,1
14:17:56,606405AA0DCB,33.789,12.109,6,1585,1
14:18:01,606405AA0DCB,33.9,12.109,6,1585,1
14:18:06,606405AA0DCB,33.879,12.109,6,1585,1
14:18:12,606405AA0DCB,33.839,12.109,6,1585,1
14:18:17,606405AA0DCB,33.93,12.207,6,1584,1
14:18:22,606405AA0DCB,33.9,12.109,6,1585,1
14:18:27,606405AA0DCB,33.869,12.109,6,1584,1
14:18:32,606405AA0DCB,33.97,12.109,6,1584,1
14:18:37,606405AA0DCB,33.93,12.012,6,1583,1
14:18:42,606405AA0DCB,33.819,12.012,6,1583,1
14:18:48,606405AA0DCB,33.9,12.207,6,1583,1
14:18:53,606405AA0DCB,33.94,12.109,6,1584,1
14:18:58,606405AA0DCB,33.91,12.109,6,1584,1
14:19:03,606405AA0DCB,33.879,12.207,6,1584,1
14:19:08,606405AA0DCB,33.94,12.109,6,1583,1
14:19:13,606405AA0DCB,33.91,12.109,6,1583,1
14:19:18,606405AA0DCB,33.879,12.109,6,1583,1
14:19:23,606405AA0DCB,33.91,12.109,6,1583,1
14:19:29,606405AA0DCB,33.93,12.109,6,1583,1
14:19:34,606405AA0DCB,33.859,12.109,6,1583,1
14:19:39,606405AA0DCB,33.97,12.109,6,1583,1
14:19:44,606405AA0DCB,33.879,12.109,6,1583,1
14:19:49,606405AA0DCB,33.91,12.012,6,1583,1
14:19:54,606405AA0DCB,33.98,12.109,6,1583,1
14:19:59,606405AA0DCB,33.819,12.109,6,1582,1
14:20:05,606405AA0DCB,33.91,12.109,6,1582,1
14:20:10,606405AA0DCB,33.93,12.109,6,1583,1
14:20:15,606405AA0DCB,33.869,12.207,1583,1583,1
14:20:20,606405AA0DCB,33.93,12.109,6,1582,1
14:20:25,606405AA0DCB,33.98,12.109,6,1582,1
14:20:30,606405AA0DCB,33.98,12.012,6,1582,1
14:20:35,606405AA0DCB,33.95,12.109,6,1582,1
14:20:40,606405AA0DCB,33.97,12.012,6,1582,1
14:20:46,606405AA0DCB,33.93,12.012,6,1581,1
14:20:51,606405AA0DCB,33.93,12.109,6,1581,1
14:20:56,606405AA0DCB,33.91,12.109,6,1581,1
14:21:01,606405AA0DCB,33.859,12.109,6,1582,1
14:21:06,606405AA0DCB,33.94,12.109,6,1582,1
14:21:11,606405AA0DCB,33.879,12.012,6,1582,1
14:21:16,606405AA0DCB,33.9,12.109,6,1581,1
14:21:22,606405AA0DCB,33.94,12.012,6,1581,1
14:21:27,606405AA0DCB,33.9,12.109,6,1581,1
14:21:32,606405AA0DCB,33.95,12.012,6,1581,1
14:21:37,606405AA0DCB,33.93,12.012,6,1581,1
14:21:42,606405AA0DCB,33.97,12.012,6,1580,1
14:21:47,606405AA0DCB,33.94,12.109,6,1580,1
14:21:52,606405AA0DCB,33.94,12.109,6,1579,1
14:21:57,606405AA0DCB,33.94,12.012,6,1579,1
14:22:03,606405AA0DCB,33.879,12.109,6,1579,1
14:22:08,606405AA0DCB,33.91,12.012,6,1579,1
14:22:13,606405AA0DCB,34.02,12.006,6,1579,1
14:22:18,606405AA0DCB,33.98,12.012,6,1579,1
14:22:23,606405AA0DCB,34,12.012,6,1579,1
14:22:28,606405AA0DCB,34,12.012,6,1579,1
14:22:33,606405AA0DCB,33.94,12.012,6,1579,1
14:22:38,606405AA0DCB,33.97,12.012,6,1579,1
14:22:44,606405AA0DCB,33.91,12.012,6,1579,1
14:22:49,606405AA0DCB,33.95,11.914,6,1578,1
14:22:54,606405AA0DCB,33.93,12.012,6,1578,1
14:22:59,606405AA0DCB,34.061,11.908,6,1578,1
14:23:04,606405AA0DCB,33.94,11.914,6,1578,1
14:23:09,606405AA0DCB,33.95,11.914,6,1578,1
14:23:14,606405AA0DCB,33.98,11.914,6,1578,1
14:23:20,606405AA0DCB,33.94,12.012,6,1578,1
14:23:25,606405AA0DCB,34.051,12.006,6,1578,1
14:23:30,606405AA0DCB,34.02,12.006,6,1578,1
14:23:35,606405AA0DCB,33.94,11.914,6,1577,1
14:23:40,606405AA0DCB,33.98,12.012,6,1577,1
14:23:45,606405AA0DCB,34.091,11.908,6,1577,1
14:23:50,606405AA0DCB,33.879,12.012,6,1577,1
14:23:55,606405AA0DCB,33.95,12.012,6,1577,1
14:24:01,606405AA0DCB,34.051,11.908,6,1577,1
14:24:06,606405AA0DCB,33.98,12.012,6,1577,1
14:24:11,606405AA0DCB,34.03,12.006,6,1576,1
14:24:16,606405AA0DCB,34,12.012,6,1575,1
14:24:21,606405AA0DCB,33.97,11.914,6,1569,1
14:24:26,606405AA0DCB,33.95,11.914,6,1561,1
14:24:31,606405AA0DCB,33.98,11.914,6,1549,1
14:24:36,606405AA0DCB,33.95,11.914,6,1535,1
14:24:42,606405AA0DCB,34.061,11.908,6,1519,1
14:24:47,606405AA0DCB,33.98,11.914,6,1505,1
14:24:52,606405AA0DCB,33.98,11.914,6,1490,1
14:24:57,606405AA0DCB,33.98,11.816,6,1476,1
14:25:02,606405AA0DCB,33.97,11.914,6,1461,1
14:25:07,606405AA0DCB,34.03,11.908,6,1447,1
14:25:12,606405AA0DCB,33.98,11.914,6,1436,1
14:25:18,606405AA0DCB,34.02,11.908,6,1424,1
14:25:23,606405AA0DCB,33.98,11.914,5,1412,1
14:25:28,606405AA0DCB,34.03,11.908,5,1400,1
14:25:33,606405AA0DCB,33.98,-1000,5,1389,1
14:25:38,606405AA0DCB,34,11.914,5,1378,1
14:25:43,606405AA0DCB,34,11.914,5,1368,1
14:25:48,606405AA0DCB,33.97,11.914,5,1357,1
14:25:53,606405AA0DCB,33.94,12.012,5,1348,1
14:25:59,606405AA0DCB,33.98,11.816,5,1337,1
14:26:04,606405AA0DCB,33.98,11.914,5,1328,1
14:26:09,606405AA0DCB,34.101,11.908,5,1318,1
14:26:14,606405AA0DCB,34.02,11.908,5,1308,1
14:26:19,606405AA0DCB,34.081,11.908,5,1299,1
14:26:24,606405AA0DCB,34.051,11.908,5,1289,1
14:26:29,606405AA0DCB,34.02,11.908,5,1281,1
14:26:35,606405AA0DCB,34.091,11.81,5,1272,1
14:26:40,606405AA0DCB,34.03,11.908,5,1265,1
14:26:45,606405AA0DCB,34.051,12.006,5,1259,1
14:26:50,606405AA0DCB,34.091,11.908,5,1252,1
14:26:55,606405AA0DCB,34,11.914,5,1245,1
14:27:00,606405AA0DCB,33.97,11.914,5,1238,1
14:27:05,606405AA0DCB,34.051,11.908,5,1232,1
14:27:10,606405AA0DCB,34.02,11.81,5,1226,1
14:27:16,606405AA0DCB,34.051,11.908,5,1220,1
14:27:21,606405AA0DCB,34.02,11.81,5,1214,1
14:27:26,606405AA0DCB,34.02,11.908,5,1208,1
14:27:31,606405AA0DCB,34.051,11.908,5,1203,1
14:27:36,606405AA0DCB,34.03,11.908,5,1198,1
14:27:41,606405AA0DCB,34.051,11.81,5,1192,1
14:27:46,606405AA0DCB,34.101,11.908,5,1187,1
14:27:51,606405AA0DCB,33.97,11.816,5,1182,1
14:27:57,606405AA0DCB,34.081,11.908,5,1178,1
14:28:02,606405AA0DCB,34.081,11.908,5,1173,1
14:28:07,606405AA0DCB,34.03,11.908,5,1168,1
14:28:12,606405AA0DCB,34.051,11.908,5,1164,1
14:28:17,606405AA0DCB,34.081,11.908,5,1161,1
14:28:22,606405AA0DCB,34.051,11.908,5,1157,1
14:28:27,606405AA0DCB,34.061,11.81,5,1153,1
14:28:33,606405AA0DCB,34.051,11.81,5,1150,1
14:28:38,606405AA0DCB,34.101,11.81,5,1146,1
14:28:43,606405AA0DCB,34,11.816,5,1141,1
14:28:48,606405AA0DCB,34.081,11.908,5,1138,1
14:28:53,606405AA0DCB,34.051,11.908,5,1135,1
14:28:58,606405AA0DCB,34.101,11.81,5,1131,1
14:29:03,606405AA0DCB,34.02,11.81,5,1128,1
14:29:08,606405AA0DCB,34.101,11.81,5,1125,1
14:29:14,606405AA0DCB,34.091,11.81,5,1121,1
14:29:19,606405AA0DCB,34.051,11.908,5,1119,1
14:29:24,606405AA0DCB,34.091,11.81,5,1117,1
14:29:29,606405AA0DCB,34.121,11.908,5,1115,1
14:29:34,606405AA0DCB,34.101,11.81,5,1113,1
14:29:39,606405AA0DCB,34.061,11.81,5,1109,1
14:29:44,606405AA0DCB,34.121,11.81,5,1105,1
14:29:50,606405AA0DCB,34.081,11.81,5,1105,1
14:29:55,606405AA0DCB,34.121,11.713,5,1102,1
14:30:00,606405AA0DCB,33.98,11.816,5,1099,1
14:30:05,606405AA0DCB,34.061,11.713,5,1096,1
14:30:10,606405AA0DCB,34.091,11.81,5,1094,1
14:30:15,606405AA0DCB,34.081,11.81,5,1092,1
14:30:20,606405AA0DCB,34.051,11.81,5,1090,1
14:30:25,606405AA0DCB,34.121,11.713,5,1088,1
14:30:31,606405AA0DCB,34.02,11.713,5,1086,1
14:30:36,606405AA0DCB,34.061,11.81,5,1083,1
14:30:41,606405AA0DCB,34.091,11.908,5,1081,1
14:30:46,606405AA0DCB,34.02,11.81,5,1078,1
14:30:51,606405AA0DCB,34.051,11.713,5,1077,1
14:30:56,606405AA0DCB,34.051,11.81,5,1074,1
14:31:01,606405AA0DCB,34.101,11.81,5,1073,1
14:31:07,606405AA0DCB,34.03,11.615,5,1073,1
14:31:12,606405AA0DCB,34.121,11.713,5,1073,1
14:31:17,606405AA0DCB,34.081,11.81,5,1071,1
14:31:22,606405AA0DCB,34.151,11.81,5,1070,1
14:31:27,606405AA0DCB,34.091,11.713,5,1067,1
14:31:32,606405AA0DCB,34.171,11.81,5,1065,1
14:31:37,606405AA0DCB,34.121,11.713,5,1064,1
14:31:42,606405AA0DCB,34.03,11.713,5,1063,1
14:31:48,606405AA0DCB,34.151,11.713,5,1061,1
14:31:53,606405AA0DCB,34.081,11.81,5,1058,1
14:31:58,606405AA0DCB,34.091,11.713,5,1056,1
14:32:03,606405AA0DCB,34.081,11.615,5,1056,1
14:32:08,606405AA0DCB,34.081,11.713,5,1055,1
14:32:13,606405AA0DCB,34.171,11.713,5,1054,1
14:32:18,606405AA0DCB,34,11.719,5,1052,1
14:32:24,606405AA0DCB,34.101,11.713,5,1052,1
14:32:29,606405AA0DCB,34.061,11.713,5,1051,1
14:32:34,606405AA0DCB,34.161,11.713,5,1048,1
14:32:39,606405AA0DCB,34.081,11.713,5,1046,1
14:32:44,606405AA0DCB,34.151,11.713,5,1047,1
14:32:49,606405AA0DCB,34.192,11.713,5,1046,1
14:32:54,606405AA0DCB,34.121,11.713,5,1046,1
14:32:59,606405AA0DCB,34.101,11.81,5,1045,1
14:33:05,606405AA0DCB,34.061,11.713,5,1045,1
14:33:10,606405AA0DCB,34.151,11.713,5,1044,1
14:33:15,606405AA0DCB,34.121,11.81,5,1044,1
14:33:20,606405AA0DCB,34.081,11.713,5,1044,1
14:33:25,606405AA0DCB,34.091,11.81,5,1042,1
14:33:30,606405AA0DCB,34.151,11.713,5,1041,1
14:33:35,606405AA0DCB,34.101,11.713,5,1040,1
14:33:40,606405AA0DCB,34.151,11.615,5,1039,1
14:33:46,606405AA0DCB,34.091,11.713,5,1038,1
14:33:51,606405AA0DCB,34.131,11.713,5,1039,1
14:33:56,606405AA0DCB,34.151,11.615,5,1039,1
14:34:01,606405AA0DCB,34.121,11.713,5,1037,1
14:34:06,606405AA0DCB,34.121,11.713,5,1036,1
14:34:11,606405AA0DCB,34.161,11.615,5,1035,1
14:34:16,606405AA0DCB,34.101,11.713,5,1035,1
14:34:22,606405AA0DCB,34.161,11.713,5,1036,1
14:34:27,606405AA0DCB,34.121,11.81,5,1032,1
14:34:32,606405AA0DCB,34.131,11.713,5,1030,1
14:34:37,606405AA0DCB,34.121,11.713,5,1032,1
14:34:42,606405AA0DCB,34.131,11.713,5,1030,1
14:34:47,606405AA0DCB,34.101,11.615,5,1030,1
14:34:52,606405AA0DCB,34.131,11.615,5,1029,1
14:34:57,606405AA0DCB,34.131,11.615,5,1029,1
14:35:03,606405AA0DCB,34.081,11.615,5,1028,1
14:35:08,606405AA0DCB,34.101,11.713,5,1027,1
14:35:13,606405AA0DCB,34.121,11.713,5,1028,1
14:35:18,606405AA0DCB,34.081,11.713,5,1029,1
14:35:23,606405AA0DCB,34.101,11.615,5,1028,1
14:35:28,606405AA0DCB,34.161,11.713,5,1027,1
14:35:33,606405AA0DCB,34.151,11.615,5,1028,1
14:35:39,606405AA0DCB,34.081,11.615,5,1027,1
14:35:44,606405AA0DCB,34.151,11.615,5,1029,1
14:35:49,606405AA0DCB,34.131,11.615,5,1028,1
14:35:54,606405AA0DCB,34.061,11.713,5,1027,1
14:35:59,606405AA0DCB,34.171,11.713,5,1026,1
14:36:04,606405AA0DCB,34.192,11.615,5,1025,1
14:36:09,606405AA0DCB,34.101,11.615,5,1025,1
14:36:14,606405AA0DCB,34.192,11.615,5,1023,1
14:36:20,606405AA0DCB,34.061,11.615,5,1023,1
14:36:25,606405AA0DCB,34.051,11.517,5,1022,1
14:36:30,606405AA0DCB,34.161,11.713,5,1023,1
14:36:35,606405AA0DCB,34.03,11.713,5,1024,1
14:36:40,606405AA0DCB,34.151,11.615,5,1024,1
14:36:45,606405AA0DCB,34.192,11.615,5,1024,1
14:36:50,606405AA0DCB,34.131,11.615,5,1024,1
14:36:55,606405AA0DCB,34.171,11.615,5,1021,1
14:37:01,606405AA0DCB,34.171,11.615,5,1021,1
14:37:06,606405AA0DCB,34.101,11.615,5,1019,1
14:37:11,606405AA0DCB,34.121,11.517,5,1019,1
14:37:16,606405AA0DCB,34.121,11.615,5,1019,1
14:37:21,606405AA0DCB,34.121,11.615,5,1019,1
14:37:26,606405AA0DCB,34.161,11.713,5,1017,1
14:37:31,606405AA0DCB,34.131,11.615,5,1017,1
14:37:37,606405AA0DCB,34.151,11.615,5,1018,1
14:37:42,606405AA0DCB,34.091,11.615,5,1018,1
14:37:47,606405AA0DCB,34.151,11.615,5,1017,1
14:37:52,606405AA0DCB,34.131,11.615,5,1018,1
14:37:57,606405AA0DCB,34.091,11.615,5,1018,1
14:38:02,606405AA0DCB,34.121,11.615,5,1018,1
14:38:07,606405AA0DCB,34.151,11.615,5,1017,1
14:38:12,606405AA0DCB,34.212,11.713,5,1019,1
14:38:18,606405AA0DCB,34.151,5.858,5,1019,1
14:38:23,606405AA0DCB,34.161,11.615,5,1018,1
14:38:28,606405AA0DCB,34.151,11.615,5,1017,1
14:38:33,606405AA0DCB,34.121,11.517,5,1016,1
14:38:38,606405AA0DCB,34.121,11.615,5,1015,1
14:38:43,606405AA0DCB,34.121,11.517,5,1013,1
14:38:48,606405AA0DCB,34.101,11.615,5,1014,1
14:38:54,606405AA0DCB,34.161,11.517,5,1013,1
14:38:59,606405AA0DCB,34.131,11.615,5,1012,1
14:39:04,606405AA0DCB,34.192,11.615,5,1012,1
14:39:09,606405AA0DCB,34.161,11.615,5,1013,1
14:39:14,606405AA0DCB,34.131,11.615,5,1012,1
14:39:19,606405AA0DCB,34.061,11.615,5,1011,1
14:39:24,606405AA0DCB,34.192,11.615,5,1012,1
14:39:29,606405AA0DCB,34.161,11.615,5,1010,1
14:39:35,606405AA0DCB,34.171,11.615,5,1009,1
14:39:40,606405AA0DCB,34.252,11.615,5,1009,1
14:39:45,606405AA0DCB,34.192,11.615,5,1010,1
14:39:50,606405AA0DCB,34.131,11.615,5,1010,1
14:39:55,606405AA0DCB,34.131,11.615,5,1009,1
14:40:00,606405AA0DCB,34.161,11.615,5,1008,1
14:40:05,606405AA0DCB,34.171,11.615,5,1007,1
14:40:10,606405AA0DCB,34.151,11.517,5,1009,1
14:40:16,606405AA0DCB,34.151,11.615,5,1010,1
14:40:21,606405AA0DCB,34.151,11.517,5,1010,1
14:40:26,606405AA0DCB,34.171,11.517,5,1009,1
14:40:31,606405AA0DCB,34.131,11.517,5,1009,1
14:40:36,606405AA0DCB,34.091,11.517,5,1009,1
14:40:41,606405AA0DCB,34.081,11.517,5,1010,1
14:40:46,606405AA0DCB,34.03,11.615,5,1009,1
14:40:52,606405AA0DCB,34.192,11.517,5,1009,1
14:40:57,606405AA0DCB,34.131,11.517,5,1009,1
14:41:02,606405AA0DCB,34.171,11.517,5,1010,1
14:41:07,606405AA0DCB,34.131,11.517,5,1011,1
14:41:12,606405AA0DCB,34.151,11.517,5,1010,1
14:41:17,606405AA0DCB,34.171,11.615,5,1010,1
14:41:22,606405AA0DCB,34.131,11.615,5,1009,1
14:41:27,606405AA0DCB,34.212,11.517,5,1011,1
14:41:33,606405AA0DCB,34.151,11.517,5,1012,1
14:41:38,606405AA0DCB,34.151,11.517,5,1013,1
14:41:43,606405AA0DCB,34.212,11.615,5,1012,1
14:41:48,606405AA0DCB,34.212,11.517,5,1013,1
14:41:53,606405AA0DCB,34.242,11.517,5,1013,1
14:41:58,606405AA0DCB,34.222,11.517,5,1012,1
14:42:03,606405AA0DCB,34.161,11.615,5,1012,1
14:42:09,606405AA0DCB,34.161,11.615,5,1011,1
14:42:14,606405AA0DCB,34.161,11.517,5,1009,1
14:42:19,606405AA0DCB,34.212,11.615,5,1007,1
14:42:24,606405AA0DCB,34.212,11.517,5,1007,1
14:42:29,606405AA0DCB,34.161,11.42,5,1009,1
14:42:34,606405AA0DCB,34.171,11.517,5,1007,1
14:42:39,606405AA0DCB,34.161,11.517,5,1010,1
14:42:44,606405AA0DCB,34.192,11.517,5,1010,1
14:42:50,606405AA0DCB,34.161,11.517,5,1008,1
14:42:55,606405AA0DCB,34.171,11.517,5,1009,1
14:43:00,606405AA0DCB,34.121,11.517,5,1009,1
14:43:05,606405AA0DCB,34.171,11.615,5,1009,1
14:43:10,606405AA0DCB,34.091,11.42,5,1008,1
14:43:15,606405AA0DCB,34.222,11.517,5,1008,1
14:43:20,606405AA0DCB,34.222,11.42,5,1007,1
14:43:26,606405AA0DCB,34.161,11.517,5,1009,1
14:43:31,606405AA0DCB,34.192,11.517,5,1009,1
14:43:36,606405AA0DCB,34.171,11.517,5,1009,1
14:43:41,606405AA0DCB,34.222,11.42,5,1008,1
14:43:46,606405AA0DCB,34.212,11.517,5,1007,1
14:43:51,606405AA0DCB,34.171,11.615,5,1008,1
14:43:56,606405AA0DCB,34.171,11.42,5,1006,1
14:44:01,606405AA0DCB,34.212,11.42,5,1007,1
14:44:07,606405AA0DCB,34.161,11.615,5,1006,1
14:44:12,606405AA0DCB,34.131,11.517,5,1005,1
14:44:17,606405AA0DCB,34.272,11.414,5,1005,1
14:44:22,606405AA0DCB,34.192,11.517,5,1006,1
14:44:27,606405AA0DCB,34.302,11.511,5,1007,1
14:44:32,606405AA0DCB,34.121,11.517,5,1008,1
14:44:37,606405AA0DCB,34.151,11.517,5,1009,1
14:44:43,606405AA0DCB,34.192,11.42,5,1008,1
14:44:48,606405AA0DCB,34.222,11.517,5,1007,1
14:44:53,606405AA0DCB,34.242,11.615,5,1005,1
14:44:58,606405AA0DCB,34.222,11.42,5,1006,1
14:45:03,606405AA0DCB,34.171,11.517,5,1006,1
14:45:08,606405AA0DCB,34.171,11.517,5,1006,1
14:45:13,606405AA0DCB,34.121,11.517,5,1007,1
14:45:18,606405AA0DCB,34.192,11.517,5,1007,1
14:45:24,606405AA0DCB,34.192,11.517,5,1009,1
14:45:29,606405AA0DCB,34.171,11.42,5,1008,1
14:45:34,606405AA0DCB,34.212,11.517,5,4095,1
14:45:39,606405AA0DCB,34.151,11.517,5,1007,1
14:45:44,606405AA0DCB,34.272,11.414,5,1007,1
14:45:49,606405AA0DCB,34.323,11.414,5,1007,1
14:45:54,606405AA0DCB,34.282,11.414,5,1007,1
14:45:59,606405AA0DCB,34.161,11.42,5,1006,1
14:46:05,606405AA0DCB,34.252,11.42,5,1006,1
14:46:10,606405AA0DCB,34.212,11.517,5,1007,1
14:46:15,606405AA0DCB,34.161,11.42,5,1007,1
14:46:20,606405AA0DCB,34.161,11.42,5,1008,1
14:46:25,606405AA0DCB,34.302,11.414,5,1009,1
14:46:30,606405AA0DCB,34.192,11.517,5,1007,1
14:46:35,606405AA0DCB,34.272,11.511,5,1006,1
14:46:41,606405AA0DCB,34.151,11.42,5,1006,1
14:46:46,606405AA0DCB,34.272,11.414,5,1006,1
14:46:51,606405AA0DCB,34.222,11.42,5,1006,1
14:46:56,606405AA0DCB,34.222,11.42,5,1006,1
14:47:01,606405AA0DCB,34.272,11.414,5,1006,1
14:47:06,606405AA0DCB,34.161,11.42,5,1005,1
14:47:11,606405AA0DCB,34.222,11.42,5,1005,1
14:47:16,606405AA0DCB,34.302,11.511,5,1005,1
14:47:22,606405AA0DCB,34.282,11.414,5,1006,1
14:47:27,606405AA0DCB,34.192,11.517,5,1006,1
14:47:32,606405AA0DCB,34.222,11.42,15,1006,1
14:47:37,606405AA0DCB,34.171,11.42,5,1004,1
14:47:42,606405AA0DCB,34.302,11.414,5,1005,1
14:47:47,606405AA0DCB,34.252,11.322,5,1006,1
14:47:52,606405AA0DCB,34.222,11.322,5,1006,1
14:47:58,606405AA0DCB,34.252,11.42,5,1006,1
14:48:03,606405AA0DCB,34.222,11.42,5,1004,1
14:48:08,606405AA0DCB,34.161,11.517,5,1004,1
14:48:13,606405AA0DCB,34.272,11.414,5,1003,1
14:48:18,606405AA0DCB,34.222,11.42,5,1004,1
14:48:23,606405AA0DCB,34.272,11.414,5,1003,1
14:48:28,606405AA0DCB,34.212,11.42,5,1003,1
14:48:33,606405AA0DCB,34.131,11.42,5,1003,1
14:48:39,606405AA0DCB,34.222,11.42,5,1002,1
14:48:44,606405AA0DCB,34.222,11.42,5,1002,1
14:48:49,606405AA0DCB,34.171,11.517,5,1003,1
14:48:54,606405AA0DCB,34.192,11.517,5,1002,1
14:48:59,606405AA0DCB,34.272,11.511,5,1002,1
14:49:04,606405AA0DCB,34.161,11.42,5,1001,1
14:49:09,606405AA0DCB,34.302,11.414,5,1003,1
14:49:14,606405AA0DCB,34.222,11.42,5,1004,1
14:49:20,606405AA0DCB,34.242,11.42,5,1003,1
14:49:25,606405AA0DCB,-1000,-1000,1002,1002,1
14:49:30,606405AA0DCB,34.171,11.42,5,1002,1
14:49:35,606405AA0DCB,34.272,11.316,5,1002,1
14:49:40,606405AA0DCB,34.192,11.322,5,1001,1
14:49:45,606405AA0DCB,34.171,11.42,5,1001,1
14:49:50,606405AA0DCB,34.302,11.316,5,1001,1
14:49:56,606405AA0DCB,34.222,11.42,5,1001,1
14:50:01,606405AA0DCB,34.252,11.322,5,1001,1
14:50:06,606405AA0DCB,34.282,11.316,5,999,1
14:50:11,606405AA0DCB,34.242,11.322,5,1000,1
14:50:16,606405AA0DCB,34.192,11.322,5,1002,1
14:50:21,606405AA0DCB,34.192,11.42,5,1002,1
14:50:26,606405AA0DCB,34.192,11.322,5,1002,1
14:50:31,606405AA0DCB,34.323,11.316,5,1002,1
14:50:37,606405AA0DCB,34.151,11.322,5,1002,1
14:50:42,606405AA0DCB,34.252,11.42,5,1003,1
14:50:47,606405AA0DCB,34.212,11.322,5,1003,1
14:50:52,606405AA0DCB,34.302,11.414,5,1002,1
14:50:57,606405AA0DCB,34.212,11.322,5,1002,1
14:51:02,606405AA0DCB,34.222,11.42,5,1001,1
14:51:07,606405AA0DCB,34.302,11.316,5,1000,1
14:51:13,606405AA0DCB,34.282,11.414,5,1000,1
14:51:18,606405AA0DCB,34.242,11.42,5,999,1
14:51:23,606405AA0DCB,34.171,11.42,5,1000,1
14:51:28,606405AA0DCB,34.302,11.316,5,999,1
14:51:33,606405AA0DCB,34.302,11.414,5,999,1
14:51:38,606405AA0DCB,34.222,11.224,5,998,1
14:51:43,606405AA0DCB,34.272,11.316,5,998,1
14:51:48,606405AA0DCB,34.252,11.224,5,998,1
14:51:54,606405AA0DCB,34.282,11.316,5,999,1
14:51:59,606405AA0DCB,34.242,11.322,5,999,1
14:52:04,606405AA0DCB,34.242,11.322,5,999,1
14:52:09,606405AA0DCB,34.272,11.316,5,999,1
14:52:14,606405AA0DCB,34.343,11.316,5,999,1
14:52:19,606405AA0DCB,34.282,11.414,5,999,1
14:52:24,606405AA0DCB,34.242,11.224,5,1000,1
14:52:29,606405AA0DCB,34.282,11.316,5,1000,1
14:52:35,606405AA0DCB,34.212,11.42,5,997,1
14:52:40,606405AA0DCB,34.252,11.322,5,996,1
14:52:45,606405AA0DCB,34.222,11.322,5,5,1
14:52:50,606405AA0DCB,34.282,11.414,5,998,1
14:52:55,606405AA0DCB,34.282,11.316,5,997,1
14:53:00,606405AA0DCB,34.252,11.322,5,996,1
14:53:05,606405AA0DCB,34.272,11.316,5,996,1
14:53:11,606405AA0DCB,34.252,11.322,5,996,1
14:53:16,606405AA0DCB,34.343,11.316,5,996,1
14:53:21,606405AA0DCB,34.222,11.224,5,997,1
14:53:26,606405AA0DCB,34.373,11.316,5,996,1
14:53:31,606405AA0DCB,34.302,11.316,5,996,1
14:53:36,606405AA0DCB,34.252,11.322,5,996,1
14:53:41,606405AA0DCB,34.282,11.316,5,996,1
14:53:46,606405AA0DCB,34.252,11.322,5,995,1
14:53:52,606405AA0DCB,34.302,11.218,5,992,1
14:53:57,606405AA0DCB,34.242,11.224,5,992,1
14:54:02,606405AA0DCB,34.312,11.316,5,996,1
14:54:07,606405AA0DCB,34.272,11.316,5,1006,1
14:54:12,606405AA0DCB,34.302,11.218,5,1020,1
14:54:17,606405AA0DCB,34.282,11.316,5,1038,1
14:54:22,606405AA0DCB,34.222,11.224,5,1057,1
14:54:27,606405AA0DCB,34.353,11.316,5,1076,1
14:54:33,606405AA0DCB,34.323,11.218,5,1096,1
14:54:38,606405AA0DCB,34.302,11.316,5,1114,1
14:54:43,606405AA0DCB,34.302,11.218,5,1132,1
14:54:48,606405AA0DCB,34.323,11.414,5,1151,1
14:54:53,606405AA0DCB,34.212,11.322,5,1166,1
14:54:58,606405AA0DCB,34.353,11.218,5,1182,1
14:55:03,606405AA0DCB,34.212,11.224,5,1198,1
14:55:09,606405AA0DCB,34.282,11.218,5,1212,1
14:55:14,606405AA0DCB,34.323,11.316,6,1228,1
14:55:19,606405AA0DCB,34.212,11.322,6,1241,1
14:55:24,606405AA0DCB,34.252,11.322,6,1253,1
14:55:29,606405AA0DCB,34.282,11.316,6,1266,1
14:55:34,606405AA0DCB,34.282,11.218,5,1278,1
14:55:39,606405AA0DCB,34.393,11.218,6,1290,1
14:55:44,606405AA0DCB,34.282,11.316,6,1302,1
14:55:50,606405AA0DCB,34.252,11.322,6,1313,1
14:55:55,606405AA0DCB,34.272,11.316,6,1323,1
14:56:00,606405AA0DCB,34.272,11.121,6,6,1
14:56:05,606405AA0DCB,34.252,11.224,6,1342,1
14:56:10,606405AA0DCB,34.373,11.316,6,1352,1
14:56:15,606405AA0DCB,34.353,11.218,6,1362,1
14:56:20,606405AA0DCB,34.282,11.218,6,1369,1
14:56:26,606405AA0DCB,34.302,11.218,6,1378,1
14:56:31,606405AA0DCB,34.282,11.218,6,1385,1
14:56:36,606405AA0DCB,34.252,11.322,6,1392,1
14:56:41,606405AA0DCB,34.323,11.218,6,1399,1
14:56:46,606405AA0DCB,34.282,11.218,6,1406,1
14:56:51,606405AA0DCB,34.312,11.316,6,1412,1
14:56:56,606405AA0DCB,34.282,11.218,6,1419,1
14:57:01,606405AA0DCB,34.222,11.224,6,1425,1
14:57:07,606405AA0DCB,34.242,11.224,6,1431,1
14:57:12,606405AA0DCB,34.343,11.218,6,1436,1
14:57:17,606405AA0DCB,34.343,11.218,6,1442,1
14:57:22,606405AA0DCB,34.302,11.218,6,1447,1
14:57:27,606405AA0DCB,34.353,11.316,6,1452,1
14:57:32,606405AA0DCB,34.302,11.218,6,1457,1
14:57:37,606405AA0DCB,34.312,11.218,6,1461,1
14:57:43,606405AA0DCB,34.353,11.121,6,1465,1
14:57:48,606405AA0DCB,34.302,11.121,6,1470,1
14:57:53,606405AA0DCB,34.312,11.316,6,1474,1
14:57:58,606405AA0DCB,34.252,11.127,6,1478,1
14:58:03,606405AA0DCB,34.312,11.316,6,1481,1
14:58:08,606405AA0DCB,34.343,11.218,6,1485,1
14:58:13,606405AA0DCB,34.272,11.218,6,1489,1
14:58:18,606405AA0DCB,34.302,11.121,6,1492,1
14:58:24,606405AA0DCB,34.343,11.218,6,1495,1
14:58:29,606405AA0DCB,34.302,11.218,6,6,1
14:58:34,606405AA0DCB,34.282,11.218,6,1501,1
14:58:39,606405AA0DCB,34.353,11.316,6,1504,1
14:58:44,606405AA0DCB,34.312,11.121,6,1506,1
14:58:49,606405AA0DCB,34.282,11.218,6,1508,1
14:58:54,606405AA0DCB,34.323,11.316,6,1511,1
14:59:00,606405AA0DCB,34.312,11.218,6,1514,1
14:59:05,606405AA0DCB,34.302,11.316,6,1518,1
14:59:10,606405AA0DCB,34.343,11.218,6,1520,1
14:59:15,606405AA0DCB,34.353,11.121,6,1523,1
14:59:20,606405AA0DCB,34.222,11.224,6,1525,1
14:59:25,606405AA0DCB,34.343,11.316,6,1527,1
14:59:30,606405AA0DCB,34.373,11.218,6,1529,1
14:59:35,606405AA0DCB,34.393,11.218,6,1531,1
14:59:41,606405AA0DCB,34.423,11.218,6,1532,1
14:59:46,606405AA0DCB,34.353,11.218,6,1534,1
14:59:51,606405AA0DCB,34.312,11.316,6,1536,1
14:59:56,606405AA0DCB,34.373,11.218,6,1537,1
15:00:01,606405AA0DCB,34.242,11.127,6,1539,1
15:00:06,606405AA0DCB,34.312,11.218,6,1540,1
15:00:11,606405AA0DCB,34.353,11.218,6,1541,1
15:00:17,606405AA0DCB,34.323,11.218,6,1543,1
15:00:22,606405AA0DCB,34.373,11.218,6,1544,1
15:00:27,606405AA0DCB,34.443,11.316,6,1546,1
15:00:32,606405AA0DCB,34.252,11.127,6,1546,1
15:00:37,606405AA0DCB,34.323,11.121,6,1548,1
15:00:42,606405AA0DCB,34.282,11.121,6,1549,1
15:00:47,606405AA0DCB,34.242,11.224,6,1550,1
15:00:52,606405AA0DCB,34.312,11.121,6,1550,1
15:00:58,606405AA0DCB,34.353,11.121,6,1551,1
15:01:03,606405AA0DCB,34.242,11.224,6,1552,1
15:01:08,606405AA0DCB,34.403,11.218,6,1553,1
15:01:13,606405AA0DCB,34.353,11.121,6,1554,1
15:01:18,606405AA0DCB,34.252,11.224,6,1555,1
15:01:23,606405AA0DCB,34.323,11.218,6,1556,1
15:01:28,606405AA0DCB,34.353,11.121,6,1556,1
15:01:33,606405AA0DCB,34.272,11.218,6,1120,1
15:01:39,606405AA0DCB,34.312,11.218,6,1558,1
15:01:44,606405AA0DCB,34.353,11.218,6,1559,1
15:01:49,606405AA0DCB,34.343,11.218,6,1559,1
15:01:54,606405AA0DCB,34.272,11.121,6,1560,1
15:01:59,606405AA0DCB,34.192,11.224,6,1560,1
15:02:04,606405AA0DCB,34.353,11.121,6,1560,1
15:02:09,606405AA0DCB,34.343,11.121,6,1561,1
15:02:15,606405AA0DCB,34.353,11.218,6,1562,1
15:02:20,606405AA0DCB,34.323,11.218,6,1562,1
15:02:25,606405AA0DCB,34.242,11.224,6,1562,1
15:02:30,606405AA0DCB,34.312,11.218,6,1563,1
15:02:35,606405AA0DCB,34.312,11.121,6,1563,1
15:02:40,606405AA0DCB,34.282,11.218,6,1564,1
15:02:45,606405AA0DCB,34.272,11.218,6,1564,1
15:02:50,606405AA0DCB,34.323,11.218,6,1564,1
15:02:56,606405AA0DCB,34.373,11.121,6,1564,1
15:03:01,606405AA0DCB,34.423,11.121,6,1564,1
15:03:06,606405AA0DCB,34.312,11.121,6,1565,1
15:03:11,606405AA0DCB,34.353,11.218,6,1565,1
15:03:16,606405AA0DCB,34.423,11.218,6,1566,1
15:03:21,606405AA0DCB,34.373,11.121,6,1565,1
15:03:26,606405AA0DCB,34.353,11.218,6,1565,1
15:03:32,606405AA0DCB,34.302,11.218,6,1120,1
15:03:37,606405AA0DCB,34.353,11.218,6,1566,1
15:03:42,606405AA0DCB,34.393,11.218,6,1566,1
15:03:47,606405AA0DCB,34.282,11.218,6,1566,1
15:03:52,606405AA0DCB,34.312,11.121,6,1567,1
15:03:57,606405AA0DCB,34.272,11.121,6,1567,1
15:04:02,606405AA0DCB,34.373,11.218,6,1567,1
15:04:07,606405AA0DCB,34.312,11.121,6,1567,1
15:04:13,606405AA0DCB,34.373,11.218,6,1567,1
15:04:18,606405AA0DCB,34.323,11.121,6,1567,1
15:04:23,606405AA0DCB,34.343,11.218,6,1568,1
15:04:28,606405AA0DCB,34.343,11.121,6,1568,1
15:04:33,606405AA0DCB,34.242,11.127,6,1568,1
15:04:38,606405AA0DCB,34.323,11.121,6,1568,1
15:04:43,606405AA0DCB,34.373,11.121,6,1568,1
15:04:49,606405AA0DCB,34.393,11.218,6,1568,1
15:04:54,606405AA0DCB,34.302,11.121,6,1567,1
15:04:59,606405AA0DCB,34.312,11.023,6,1568,1
15:05:04,606405AA0DCB,34.403,11.121,6,1568,1
15:05:09,606405AA0DCB,34.323,11.218,6,1568,1
15:05:14,606405AA0DCB,34.272,11.218,6,1568,1
15:05:19,606405AA0DCB,34.212,11.224,6,1568,1
15:05:24,606405AA0DCB,34.343,11.023,6,1568,1
15:05:30,606405AA0DCB,34.312,11.121,6,1567,1
15:05:35,606405AA0DCB,34.302,11.218,6,1567,1
15:05:40,606405AA0DCB,34.302,11.121,6,1568,1
15:05:45,606405AA0DCB,34.353,11.218,6,1568,1
15:05:50,606405AA0DCB,34.403,11.023,6,1568,1
15:05:55,606405AA0DCB,34.343,11.121,6,1569,1
15:06:00,606405AA0DCB,34.373,11.023,6,1569,1
15:06:05,606405AA0DCB,34.353,11.121,6,1569,1
15:06:11,606405AA0DCB,34.312,11.121,6,1569,1
15:06:16,606405AA0DCB,34.312,11.121,6,1569,1
15:06:21,606405AA0DCB,34.312,11.218,6,1569,1
15:06:26,606405AA0DCB,34.312,11.121,6,1569,1
15:06:31,606405AA0DCB,34.464,11.121,6,1569,1
15:06:36,606405AA0DCB,34.323,11.218,6,1569,1
15:06:41,606405AA0DCB,34.393,11.121,6,1569,1
15:06:47,606405AA0DCB,34.312,11.121,6,1569,1
15:06:52,606405AA0DCB,34.373,11.121,6,1568,1
15:06:57,606405AA0DCB,34.282,11.023,6,1568,1
15:07:02,606405AA0DCB,34.403,11.121,6,1568,1
15:07:07,606405AA0DCB,34.312,11.121,6,1569,1
15:07:12,606405AA0DCB,34.323,11.121,6,1568,1
15:07:17,606405AA0DCB,34.353,11.121,6,1568,1
15:07:22,606405AA0DCB,34.272,11.023,6,1568,1
15:07:28,606405AA0DCB,34.323,11.121,6,1568,1
15:07:33,606405AA0DCB,34.403,11.121,6,1568,1
15:07:38,606405AA0DCB,34.373,11.121,6,1568,1
15:07:43,606405AA0DCB,34.312,11.121,6,1568,1
15:07:48,606405AA0DCB,34.323,11.023,6,1568,1
15:07:53,606405AA0DCB,34.343,11.121,6,1568,1
15:07:58,606405AA0DCB,34.403,11.218,6,1568,1
15:08:04,606405AA0DCB,34.312,11.121,6,1568,1
15:08:09,606405AA0DCB,34.343,11.023,6,1568,1
15:08:14,606405AA0DCB,34.272,11.121,6,1568,1
15:08:19,606405AA0DCB,34.353,11.121,6,1568,1
15:08:24,606405AA0DCB,34.302,11.121,6,1568,1
15:08:29,606405AA0DCB,34.282,11.218,6,1568,1
15:08:34,606405AA0DCB,34.353,11.121,6,1568,1
15:08:39,606405AA0DCB,34.353,11.121,6,1567,1
15:08:45,606405AA0DCB,34.343,11.218,6,1568,1
15:08:50,606405AA0DCB,34.373,11.121,6,1567,1
15:08:55,606405AA0DCB,34.353,11.121,6,1568,1
15:09:00,606405AA0DCB,34.282,11.121,6,1567,1
15:09:05,606405AA0DCB,34.353,11.023,6,1567,1
15:09:10,606405AA0DCB,34.353,11.121,6,1567,1
15:09:15,606405AA0DCB,34.312,11.023,6,1567,1
15:09:20,606405AA0DCB,34.323,11.121,6,1567,1
15:09:26,606405AA0DCB,34.373,11.121,6,1567,1
15:09:31,606405AA0DCB,34.353,11.218,6,1566,1
15:09:36,606405AA0DCB,34.353,11.023,6,1566,1
15:09:41,606405AA0DCB,34.353,11.023,6,1567,1
15:09:46,606405AA0DCB,34.323,11.023,6,1566,1
15:09:51,606405AA0DCB,34.353,11.023,6,1566,1
15:09:56,606405AA0DCB,34.373,11.121,6,1566,1
15:10:02,606405AA0DCB,34.312,11.121,6,1567,1
15:10:07,606405AA0DCB,34.323,11.121,6,1566,1
15:10:12,606405AA0DCB,34.323,11.121,6,1566,1
15:10:17,606405AA0DCB,34.302,11.121,6,1566,1
15:10:22,606405AA0DCB,34.393,11.023,6,1566,1
15:10:27,606405AA0DCB,34.353,11.023,6,1566,1
15:10:32,606405AA0DCB,34.423,11.121,6,1566,1
15:10:37,606405AA0DCB,34.323,11.121,6,1566,1
15:10:43,606405AA0DCB,34.323,11.121,6,1566,1
15:10:48,606405AA0DCB,34.353,11.121,6,1566,1
15:10:53,606405AA0DCB,34.353,11.121,6,1566,1
15:10:58,606405AA0DCB,34.353,11.121,6,1566,1
15:11:03,606405AA0DCB,34.323,11.023,6,1565,1
15:11:08,606405AA0DCB,34.403,11.121,6,1565,1
15:11:13,606405AA0DCB,34.373,11.121,6,1565,1
15:11:19,606405AA0DCB,34.282,11.121,6,1566,1
15:11:24,606405AA0DCB,34.282,11.023,6,1566,1
15:11:29,606405AA0DCB,34.302,11.023,6,1565,1
15:11:34,606405AA0DCB,34.312,11.121,6,1565,1
15:11:39,606405AA0DCB,34.312,11.121,6,1565,1
15:11:44,606405AA0DCB,34.302,11.023,6,1565,1
15:11:49,606405AA0DCB,34.423,11.023,6,1565,1
15:11:54,606405AA0DCB,34.302,11.023,6,1565,1
15:12:00,606405AA0DCB,34.302,11.121,6,1565,1
15:12:05,606405AA0DCB,34.353,11.023,6,1564,1
15:12:10,606405AA0DCB,34.343,11.121,6,1563,1
15:12:15,606405AA0DCB,34.302,11.023,6,1563,1
15:12:20,606405AA0DCB,34.393,11.023,6,1563,1
15:12:25,606405AA0DCB,34.353,11.121,6,1563,1
15:12:30,606405AA0DCB,34.282,10.925,6,1563,1
15:12:36,606405AA0DCB,34.343,11.023,6,1563,1
15:12:41,606405AA0DCB,34.323,10.925,6,1562,1
15:12:46,606405AA0DCB,34.343,11.023,6,1562,1
15:12:51,606405AA0DCB,34.312,11.023,6,1561,1
15:12:56,606405AA0DCB,34.343,11.023,6,1561,1
15:13:01,606405AA0DCB,34.373,11.121,6,1561,1
15:13:06,606405AA0DCB,34.353,11.023,6,1562,1
15:13:11,606405AA0DCB,34.282,11.023,6,1561,1
15:13:17,606405AA0DCB,34.302,11.023,6,1561,1
15:13:22,606405AA0DCB,34.373,11.023,6,1561,1
15:13:27,606405AA0DCB,34.353,11.121,6,1561,1
15:13:32,606405AA0DCB,34.323,11.023,6,1561,1
15:13:37,606405AA0DCB,34.312,11.023,6,1561,1
15:13:42,606405AA0DCB,34.373,11.023,6,1562,1
15:13:47,606405AA0DCB,34.373,11.023,6,1561,1
15:13:53,606405AA0DCB,34.343,11.121,6,1560,1
15:13:58,606405AA0DCB,34.302,11.023,6,1560,1
15:14:03,606405AA0DCB,34.302,11.023,6,1560,1
15:14:08,606405AA0DCB,34.302,11.023,6,1560,1
15:14:13,606405AA0DCB,34.312,10.925,6,1557,1
15:14:18,606405AA0DCB,34.323,11.121,6,1551,1
15:14:23,606405AA0DCB,34.282,11.023,6,4095,1
15:14:28,606405AA0DCB,34.393,11.023,6,1529,1
15:14:34,606405AA0DCB,34.302,11.023,6,1515,1
15:14:39,606405AA0DCB,34.323,11.023,6,1498,1
15:14:44,606405AA0DCB,34.353,11.023,6,1481,1
15:14:49,606405AA0DCB,34.272,11.023,6,1466,1
15:14:54,606405AA0DCB,34.323,11.023,6,1451,1
15:14:59,606405AA0DCB,34.373,11.023,6,1437,1
15:15:04,606405AA0DCB,34.323,11.121,6,1423,1
15:15:09,606405AA0DCB,34.323,11.023,6,1409,1
15:15:15,606405AA0DCB,34.323,11.023,6,1397,1
15:15:20,606405AA0DCB,34.343,11.023,6,1384,1
15:15:25,606405AA0DCB,34.312,11.023,6,1372,1
15:15:30,606405AA0DCB,34.343,11.023,6,1360,1
15:15:35,606405AA0DCB,34.272,11.023,6,1348,1
15:15:40,606405AA0DCB,34.323,10.925,6,1337,1
15:15:45,606405AA0DCB,34.373,11.023,6,1327,1
15:15:51,606405AA0DCB,34.323,10.925,6,1315,1
15:15:56,606405AA0DCB,34.312,11.023,6,1304,1
15:16:01,606405AA0DCB,34.423,11.023,6,1295,1
15:16:06,606405AA0DCB,34.282,11.023,6,1286,1
15:16:11,606405AA0DCB,34.282,11.023,6,1275,1
15:16:16,606405AA0DCB,34.353,11.023,6,1265,1
15:16:21,606405AA0DCB,34.323,10.925,6,1257,1
15:16:26,606405AA0DCB,34.443,11.023,6,1248,1
15:16:32,606405AA0DCB,34.343,11.023,5,1239,1
15:16:37,606405AA0DCB,34.343,10.925,5,1231,1
15:16:42,606405AA0DCB,34.343,11.023,5,1223,1
15:16:47,606405AA0DCB,34.312,11.023,5,1216,1
15:16:52,606405AA0DCB,34.302,11.023,5,1208,1
15:16:57,606405AA0DCB,34.393,11.121,5,1201,1
15:17:02,606405AA0DCB,34.373,10.828,5,1194,1
15:17:08,606405AA0DCB,34.252,10.931,5,1186,1
15:17:13,606405AA0DCB,34.312,10.925,5,1179,1
15:17:18,606405AA0DCB,34.343,10.925,5,1172,1
15:17:23,606405AA0DCB,34.403,11.023,5,1165,1
15:17:28,606405AA0DCB,34.312,11.023,5,1157,1
15:17:33,606405AA0DCB,34.353,11.023,5,1152,1
15:17:38,606405AA0DCB,34.353,11.023,5,1147,1
15:17:43,606405AA0DCB,34.373,11.023,5,1141,1
15:17:49,606405AA0DCB,34.323,11.023,5,1136,1
15:17:54,606405AA0DCB,34.272,11.023,5,1129,1
15:17:59,606405AA0DCB,34.373,11.023,5,1124,1
15:18:04,606405AA0DCB,34.373,10.925,5,1118,1
15:18:09,606405AA0DCB,34.343,11.023,5,1112,1
15:18:14,606405AA0DCB,34.343,11.023,5,1107,1
15:18:19,606405AA0DCB,34.353,11.023,5,1103,1
15:18:24,606405AA0DCB,34.323,11.023,5,1099,1
15:18:30,606405AA0DCB,34.302,10.925,5,1094,1
15:18:35,606405AA0DCB,34.393,10.925,5,1090,1
15:18:40,606405AA0DCB,34.272,11.023,5,1088,1
15:18:45,606405AA0DCB,34.312,10.925,5,1083,1
15:18:50,606405AA0DCB,34.272,11.023,5,1079,1
15:18:55,606405AA0DCB,34.343,11.023,5,1076,1
15:19:00,606405AA0DCB,34.302,10.925,5,1072,1
15:19:06,606405AA0DCB,34.302,10.925,5,1068,1
15:19:11,606405AA0DCB,34.323,11.023,5,1064,1
15:19:16,606405AA0DCB,34.323,11.023,5,1062,1
15:19:21,606405AA0DCB,34.353,11.023,5,1059,1
15:19:26,606405AA0DCB,34.272,11.023,5,1056,1
15:19:31,606405AA0DCB,34.323,10.828,5,1053,1
15:19:36,606405AA0DCB,34.393,10.925,5,1049,1
15:19:41,606405AA0DCB,34.373,10.925,5,1046,1
15:19:47,606405AA0DCB,34.312,11.023,5,1043,1
15:19:52,606405AA0DCB,34.312,11.023,5,1039,1
15:19:57,606405AA0DCB,34.272,11.023,5,1037,1
15:20:02,606405AA0DCB,34.403,10.925,5,1034,1
15:20:07,606405AA0DCB,34.343,10.925,5,1032,1
15:20:12,606405AA0DCB,34.302,11.023,5,1031,1
15:20:17,606405AA0DCB,34.403,10.925,5,1029,1
15:20:23,606405AA0DCB,34.393,11.023,5,1026,1
15:20:28,606405AA0DCB,34.433,10.925,5,1023,1
15:20:33,606405AA0DCB,34.343,10.828,5,1020,1
15:20:38,606405AA0DCB,34.312,10.925,5,1018,1
15:20:43,606405AA0DCB,34.343,10.925,5,1016,1
15:20:48,606405AA0DCB,34.302,10.925,5,1015,1
15:20:53,606405AA0DCB,34.343,11.023,5,1013,1
15:20:58,606405AA0DCB,34.312,10.925,5,1011,1
15:21:04,606405AA0DCB,34.282,10.925,5,1009,1
15:21:09,606405AA0DCB,34.393,10.925,5,1007,1
15:21:14,606405AA0DCB,34.373,10.925,5,1004,1
15:21:19,606405AA0DCB,34.302,10.828,5,1004,1
15:21:24,606405AA0DCB,34.343,10.828,5,1003,1
15:21:29,606405AA0DCB,34.272,10.925,5,1000,1
15:21:34,606405AA0DCB,34.353,11.023,5,999,1
15:21:39,606405AA0DCB,34.393,10.828,5,997,1
15:21:45,606405AA0DCB,34.323,10.925,5,996,1
15:21:50,606405AA0DCB,34.282,10.925,5,995,1
15:21:55,606405AA0DCB,34.373,11.023,5,993,1
15:22:00,606405AA0DCB,34.373,10.925,5,990,1
15:22:05,606405AA0DCB,34.312,10.925,5,988,1
15:22:10,606405AA0DCB,34.393,10.925,5,986,1
15:22:15,606405AA0DCB,34.222,10.931,5,986,1
15:22:21,606405AA0DCB,34.403,10.828,5,984,1
15:22:26,606405AA0DCB,34.302,11.023,5,983,1
15:22:31,606405AA0DCB,34.282,11.023,5,983,1
15:22:36,606405AA0DCB,34.393,10.925,5,982,1
15:22:41,606405AA0DCB,34.302,10.925,5,1120,1
15:22:46,606405AA0DCB,34.312,10.925,5,978,1
15:22:51,606405AA0DCB,34.282,10.925,5,977,1
15:22:56,606405AA0DCB,34.353,11.023,5,976,1
15:23:02,606405AA0DCB,34.312,10.925,5,976,1
15:23:07,606405AA0DCB,34.403,10.925,5,977,1
15:23:12,606405AA0DCB,34.353,10.828,5,977,1
15:23:17,606405AA0DCB,34.393,10.925,5,975,1
15:23:22,606405AA0DCB,34.312,10.925,5,976,1
15:23:27,606405AA0DCB,34.353,10.925,5,975,1
15:23:32,606405AA0DCB,34.272,10.925,5,974,1
15:23:38,606405AA0DCB,34.373,10.925,5,974,1
15:23:43,606405AA0DCB,34.323,10.925,5,972,1
15:23:48,606405AA0DCB,34.323,10.828,5,971,1
15:23:53,606405AA0DCB,34.393,10.925,5,971,1
15:23:58,606405AA0DCB,34.423,10.925,5,970,1
15:24:03,606405AA0DCB,34.302,10.925,5,969,1
15:24:08,606405AA0DCB,34.373,11.023,5,968,1
15:24:13,606405AA0DCB,34.302,10.925,5,968,1
15:24:19,606405AA0DCB,34.312,10.925,5,966,1
15:24:24,606405AA0DCB,34.423,10.925,5,964,1
15:24:29,606405AA0DCB,34.312,10.828,5,964,1
15:24:34,606405AA0DCB,34.353,10.925,5,963,1
15:24:39,606405AA0DCB,34.323,10.925,5,963,1
15:24:44,606405AA0DCB,34.312,10.828,5,962,1
15:24:49,606405AA0DCB,34.353,10.925,5,962,1
15:24:54,606405AA0DCB,34.393,10.925,5,960,1
15:25:00,606405AA0DCB,34.393,10.925,5,961,1
15:25:05,606405AA0DCB,34.373,10.925,5,959,1
15:25:10,606405AA0DCB,34.323,10.925,5,958,1
15:25:15,606405AA0DCB,34.272,10.828,5,957,1
15:25:20,606405AA0DCB,34.343,10.925,5,957,1
15:25:25,606405AA0DCB,34.323,10.828,5,955,1
15:25:30,606405AA0DCB,34.353,10.925,5,955,1
15:25:36,606405AA0DCB,34.323,10.828,5,955,1
15:25:41,606405AA0DCB,34.353,10.828,5,955,1
15:25:46,606405AA0DCB,34.373,10.925,5,955,1
15:25:51,606405AA0DCB,34.423,10.828,5,954,1
15:25:56,606405AA0DCB,34.373,10.828,5,955,1
15:26:01,606405AA0DCB,34.323,10.925,5,954,1
15:26:06,606405AA0DCB,34.353,10.925,5,953,1
15:26:11,606405AA0DCB,34.353,10.925,5,952,1
15:26:17,606405AA0DCB,34.393,10.925,5,954,1
15:26:22,606405AA0DCB,34.353,10.925,5,952,1
15:26:27,606405AA0DCB,34.302,10.925,5,951,1
15:26:32,606405AA0DCB,34.302,10.828,5,952,1
15:26:37,606405AA0DCB,34.323,10.828,5,952,1
15:26:42,606405AA0DCB,34.353,10.828,5,952,1
15:26:47,606405AA0DCB,34.373,10.925,5,950,1
15:26:52,606405AA0DCB,34.302,10.925,5,949,1
15:26:58,606405AA0DCB,34.423,10.925,5,947,1
15:27:03,606405AA0DCB,34.373,10.925,5,946,1
15:27:08,606405AA0DCB,34.312,10.925,5,946,1
15:27:13,606405AA0DCB,34.403,11.023,5,945,1
15:27:18,606405AA0DCB,34.312,10.925,5,944,1
15:27:23,606405AA0DCB,34.433,10.828,5,945,1
15:27:28,606405AA0DCB,34.353,10.925,5,945,1
15:27:33,606405AA0DCB,34.403,10.828,5,945,1
15:27:39,606405AA0DCB,34.343,10.828,5,944,1
15:27:44,606405AA0DCB,34.302,10.828,5,945,1
15:27:49,606405AA0DCB,34.353,10.828,5,944,1
15:27:54,606405AA0DCB,34.353,10.828,5,943,1
15:27:59,606405AA0DCB,34.423,10.828,5,943,1
15:28:04,606405AA0DCB,34.423,10.925,5,943,1
15:28:09,606405AA0DCB,34.282,10.828,5,944,1
15:28:15,606405AA0DCB,34.373,10.925,5,943,1
15:28:20,606405AA0DCB,34.312,10.828,5,942,1
15:28:25,606405AA0DCB,34.343,10.925,5,941,1
15:28:30,606405AA0DCB,34.423,10.828,5,942,1
15:28:35,606405AA0DCB,34.403,10.828,5,942,1
15:28:40,606405AA0DCB,34.323,10.828,5,942,1
15:28:45,606405AA0DCB,34.403,10.73,5,943,1
15:28:51,606405AA0DCB,34.393,10.828,5,943,1
15:28:56,606405AA0DCB,34.403,10.925,5,943,1
15:29:01,606405AA0DCB,34.403,10.73,5,942,1
15:29:06,606405AA0DCB,34.433,10.828,5,943,1
15:29:11,606405AA0DCB,34.393,10.828,5,942,1
15:29:16,606405AA0DCB,34.312,10.925,5,941,1
15:29:21,606405AA0DCB,34.353,10.828,5,939,1
15:29:26,606405AA0DCB,34.423,10.828,5,939,1
15:29:32,606405AA0DCB,34.282,10.828,5,940,1
15:29:37,606405AA0DCB,34.393,10.828,5,941,1
15:29:42,606405AA0DCB,34.373,10.828,5,941,1
15:29:47,606405AA0DCB,34.343,10.925,5,938,1
15:29:52,606405AA0DCB,34.282,10.828,5,938,1
15:29:57,606405AA0DCB,34.343,10.828,5,936,1
15:30:02,606405AA0DCB,34.393,10.73,1312,935,1
15:30:07,606405AA0DCB,34.373,10.828,5,935,1
15:30:13,606405AA0DCB,34.323,10.925,5,936,1
15:30:18,606405AA0DCB,34.423,10.828,5,935,1
15:30:23,606405AA0DCB,34.403,10.73,5,936,1
15:30:28,606405AA0DCB,34.373,10.828,5,934,1
15:30:33,606405AA0DCB,34.443,10.828,5,934,1
15:30:38,606405AA0DCB,34.302,10.925,5,935,1
15:30:43,606405AA0DCB,34.474,10.828,5,935,1
15:30:49,606405AA0DCB,34.393,10.828,5,934,1
15:30:54,606405AA0DCB,34.312,10.828,5,934,1
15:30:59,606405AA0DCB,34.302,10.925,5,933,1
15:31:04,606405AA0DCB,34.443,10.828,5,933,1
15:31:09,606405AA0DCB,34.323,10.925,5,933,1
15:31:14,606405AA0DCB,34.393,10.828,5,933,1
15:31:19,606405AA0DCB,34.403,10.828,5,934,1
15:31:24,606405AA0DCB,34.312,10.828,5,934,1
15:31:30,606405AA0DCB,34.323,10.73,5,933,1
15:31:35,606405AA0DCB,34.393,10.73,5,933,1
15:31:40,606405AA0DCB,34.353,10.828,5,933,1
15:31:45,606405AA0DCB,34.302,10.925,5,933,1
15:31:50,606405AA0DCB,34.353,10.828,5,934,1
15:31:55,606405AA0DCB,34.403,10.828,5,933,1
15:32:00,606405AA0DCB,34.393,10.828,5,932,1
15:32:05,606405AA0DCB,34.373,10.828,5,931,1
15:32:11,606405AA0DCB,34.373,10.828,5,931,1
15:32:16,606405AA0DCB,34.474,10.828,5,931,1
15:32:21,606405AA0DCB,34.403,10.925,5,931,1
15:32:26,606405AA0DCB,34.433,10.828,5,931,1
15:32:31,606405AA0DCB,34.373,10.828,5,931,1
15:32:36,606405AA0DCB,34.423,10.828,5,931,1
15:32:41,606405AA0DCB,34.353,10.828,5,931,1
15:32:46,606405AA0DCB,34.353,10.828,5,932,1
15:32:52,606405AA0DCB,34.443,10.828,5,933,1
15:32:57,606405AA0DCB,34.433,10.73,5,933,1
15:33:02,606405AA0DCB,34.423,10.73,5,931,1
15:33:07,606405AA0DCB,34.403,10.73,5,931,1
15:33:12,606405AA0DCB,34.302,10.73,5,931,1
15:33:17,606405AA0DCB,34.393,10.828,5,931,1
15:33:22,606405AA0DCB,34.393,10.925,5,932,1
15:33:28,606405AA0DCB,34.393,10.828,5,931,1
15:33:33,606405AA0DCB,34.474,10.828,5,931,1
15:33:38,606405AA0DCB,34.373,10.828,5,930,1
15:33:43,606405AA0DCB,34.312,10.828,5,931,1
15:33:48,606405AA0DCB,34.403,10.73,5,929,1
15:33:53,606405AA0DCB,34.353,10.828,5,930,1
15:33:58,606405AA0DCB,34.353,10.73,5,929,1
15:34:03,606405AA0DCB,34.403,10.828,5,929,1
15:34:09,606405AA0DCB,34.343,10.828,5,930,1
15:34:14,606405AA0DCB,34.423,10.828,5,929,1
15:34:19,606405AA0DCB,34.323,10.828,5,929,1
15:34:24,606405AA0DCB,34.403,10.828,5,928,1
15:34:29,606405AA0DCB,34.343,10.828,5,928,1
15:34:34,606405AA0DCB,34.343,10.828,5,928,1
15:34:39,606405AA0DCB,34.474,10.828,5,928,1
15:34:45,606405AA0DCB,34.323,10.73,5,929,1
15:34:50,606405AA0DCB,34.423,10.828,5,929,1
15:34:55,606405AA0DCB,34.323,10.828,5,929,1
15:35:00,606405AA0DCB,34.353,10.828,5,928,1
15:35:05,606405AA0DCB,34.353,10.828,5,928,1
15:35:10,606405AA0DCB,34.353,10.828,5,928,1
15:35:15,606405AA0DCB,34.393,10.828,5,926,1
15:35:20,606405AA0DCB,34.343,10.828,5,925,1
15:35:26,606405AA0DCB,34.323,10.828,5,924,1
15:35:31,606405AA0DCB,34.353,10.828,5,922,1
15:35:36,606405AA0DCB,34.282,10.73,5,921,1
15:35:41,606405AA0DCB,34.403,10.828,5,922,1
15:35:46,606405AA0DCB,34.403,10.828,5,924,1
15:35:51,606405AA0DCB,34.393,10.73,5,924,1
15:35:56,606405AA0DCB,34.403,10.828,5,924,1
15:36:02,606405AA0DCB,34.423,10.828,5,924,1
15:36:07,606405AA0DCB,34.353,10.828,5,925,1
15:36:12,606405AA0DCB,34.393,10.828,5,924,1
15:36:17,606405AA0DCB,34.373,10.828,5,924,1
15:36:22,606405AA0DCB,34.393,10.73,5,923,1
15:36:27,606405AA0DCB,34.433,10.73,5,922,1
15:36:32,606405AA0DCB,-1000,10.73,5,922,1
15:36:37,606405AA0DCB,34.353,10.73,5,923,1
15:36:43,606405AA0DCB,34.474,10.828,5,923,1
15:36:48,606405AA0DCB,34.423,10.73,5,924,1
15:36:53,606405AA0DCB,34.353,10.828,5,924,1
15:36:58,606405AA0DCB,34.353,10.828,5,924,1
15:37:03,606405AA0DCB,34.423,10.828,5,923,1
15:37:08,606405AA0DCB,34.423,10.828,5,923,1
15:37:13,606405AA0DCB,34.343,10.73,5,922,1
15:37:18,606405AA0DCB,34.343,10.828,5,920,1
15:37:24,606405AA0DCB,34.393,10.73,5,921,1
15:37:29,606405AA0DCB,34.353,10.828,5,920,1
15:37:34,606405AA0DCB,34.393,10.828,5,921,1
15:37:39,606405AA0DCB,34.373,10.73,5,921,1
15:37:44,606405AA0DCB,34.323,10.828,5,921,1
15:37:49,606405AA0DCB,34.443,10.73,5,922,1
15:37:54,606405AA0DCB,34.403,10.828,5,922,1
15:38:00,606405AA0DCB,34.323,10.828,5,920,1
15:38:05,606405AA0DCB,34.312,10.73,5,920,1
15:38:10,606405AA0DCB,34.323,10.828,5,922,1
15:38:15,606405AA0DCB,34.353,10.73,5,922,1
15:38:20,606405AA0DCB,34.403,10.73,5,921,1
15:38:25,606405AA0DCB,34.403,10.73,5,920,1
15:38:30,606405AA0DCB,34.433,10.828,5,921,1
15:38:35,606405AA0DCB,34.393,10.828,5,919,1
15:38:41,606405AA0DCB,34.373,10.73,5,919,1
15:38:46,606405AA0DCB,34.403,10.73,5,919,1
15:38:51,606405AA0DCB,34.343,10.828,5,918,1
15:38:56,606405AA0DCB,34.353,10.828,5,919,1
15:39:01,606405AA0DCB,34.373,10.73,5,918,1
15:39:06,606405AA0DCB,34.373,10.828,5,916,1
15:39:11,606405AA0DCB,34.393,10.828,5,918,1
15:39:16,606405AA0DCB,34.353,10.632,5,918,1
15:39:22,606405AA0DCB,34.423,10.632,919,919,1
15:39:27,606405AA0DCB,34.423,10.73,5,920,1
15:39:32,606405AA0DCB,34.353,10.73,5,919,1
15:39:37,606405AA0DCB,34.433,10.632,5,918,1
15:39:42,606405AA0DCB,34.312,10.828,5,918,1
15:39:47,606405AA0DCB,34.353,10.828,5,917,1
15:39:52,606405AA0DCB,34.353,10.828,5,917,1
15:39:57,606405AA0DCB,34.353,10.73,5,918,1
15:40:03,606405AA0DCB,34.353,10.73,5,918,1
15:40:08,606405AA0DCB,34.433,10.828,5,916,1
15:40:13,606405AA0DCB,34.443,10.73,5,916,1
15:40:18,606405AA0DCB,34.403,10.73,5,918,1
15:40:23,606405AA0DCB,34.504,10.73,5,917,1
15:40:28,606405AA0DCB,34.353,10.73,5,916,1
15:40:33,606405AA0DCB,34.373,10.73,5,917,1
15:40:39,606405AA0DCB,34.403,10.73,5,918,1
15:40:44,606405AA0DCB,34.433,10.828,5,918,1
15:40:49,606405AA0DCB,34.393,10.828,5,916,1
15:40:54,606405AA0DCB,34.393,10.73,5,916,1
15:40:59,606405AA0DCB,34.343,10.73,5,918,1
15:41:04,606405AA0DCB,34.393,10.73,6,919,1
15:41:09,606405AA0DCB,34.464,10.73,5,918,1
15:41:14,606405AA0DCB,34.423,10.73,5,919,1
15:41:20,606405AA0DCB,34.433,10.73,5,917,1
15:41:25,606405AA0DCB,34.393,10.828,5,918,1
15:41:30,606405AA0DCB,34.302,10.73,5,917,1
15:41:35,606405AA0DCB,34.343,10.73,5,915,1
15:41:40,606405AA0DCB,34.433,10.632,5,915,1
15:41:45,606405AA0DCB,34.373,10.828,5,915,1
15:41:50,606405AA0DCB,34.373,10.828,5,916,1
15:41:56,606405AA0DCB,34.403,10.632,5,916,1
15:42:01,606405AA0DCB,34.443,10.73,5,916,1
15:42:06,606405AA0DCB,34.423,10.73,5,918,1
15:42:11,606405AA0DCB,34.343,10.828,5,916,1
15:42:16,606405AA0DCB,34.403,10.632,5,916,1
15:42:21,606405AA0DCB,34.423,10.73,5,915,1
15:42:26,606405AA0DCB,34.393,10.73,5,915,1
15:42:31,606405AA0DCB,34.433,10.73,5,915,1
15:42:37,606405AA0DCB,34.524,10.724,5,916,1
15:42:42,606405AA0DCB,34.403,10.73,4095,1312,1
15:42:47,606405AA0DCB,34.474,10.73,5,915,1
15:42:52,606405AA0DCB,34.323,10.828,5,914,1
15:42:57,606405AA0DCB,34.423,10.73,5,913,1
15:43:02,606405AA0DCB,34.403,10.73,5,914,1
15:43:07,606405AA0DCB,34.433,10.73,5,913,1
15:43:13,606405AA0DCB,34.393,10.73,5,912,1
15:43:18,606405AA0DCB,34.423,10.73,5,911,1
15:43:23,606405AA0DCB,34.423,10.73,5,912,1
15:43:28,606405AA0DCB,34.343,10.73,5,912,1
15:43:33,606405AA0DCB,34.323,10.73,5,913,1
15:43:38,606405AA0DCB,34.443,10.73,5,914,1
15:43:43,606405AA0DCB,34.433,10.73,5,914,1
15:43:48,606405AA0DCB,34.403,10.73,5,913,1
15:43:54,606405AA0DCB,34.443,10.632,5,4095,1
15:43:59,606405AA0DCB,34.403,10.828,5,912,1
15:44:04,606405AA0DCB,34.373,10.73,5,914,1
15:44:09,606405AA0DCB,34.353,10.73,5,923,1
15:44:14,606405AA0DCB,34.403,10.73,5,938,1
15:44:19,606405AA0DCB,34.474,10.73,5,956,1
15:44:24,606405AA0DCB,34.443,10.73,5,976,1
15:44:29,606405AA0DCB,34.423,10.73,5,996,1
15:44:35,606405AA0DCB,34.494,10.632,5,1016,1
15:44:40,606405AA0DCB,34.423,10.73,5,1036,1
15:44:45,606405AA0DCB,34.423,10.73,5,1055,1
15:44:50,606405AA0DCB,34.373,10.73,5,1074,1
15:44:55,606405AA0DCB,34.494,10.73,6,1092,1
15:45:00,606405AA0DCB,34.343,10.73,5,1109,1
15:45:05,606405AA0DCB,34.343,10.73,6,1126,1
15:45:11,606405AA0DCB,34.433,10.828,6,1143,1
15:45:16,606405AA0DCB,34.403,10.632,6,1159,1
15:45:21,606405AA0DCB,34.373,10.828,6,1175,1
15:45:26,606405AA0DCB,34.312,10.73,6,1190,1
15:45:31,606405AA0DCB,34.403,10.828,6,1204,1
15:45:36,606405AA0DCB,34.393,10.73,6,1217,1
15:45:41,606405AA0DCB,34.433,10.73,6,1230,1
15:45:46,606405AA0DCB,34.373,10.828,6,1241,1
15:45:52,606405AA0DCB,34.423,10.73,6,1253,1
15:45:57,606405AA0DCB,34.524,10.822,6,1265,1
15:46:02,606405AA0DCB,34.423,10.73,6,1277,1
15:46:07,606405AA0DCB,34.423,10.73,6,1288,1
15:46:12,606405AA0DCB,34.464,10.632,6,1298,1
15:46:17,606405AA0DCB,34.393,10.632,6,1307,1
15:46:22,606405AA0DCB,34.373,10.73,6,1317,1
15:46:28,606405AA0DCB,34.403,10.828,6,1328,1
15:46:33,606405AA0DCB,34.302,10.73,6,1337,1
15:46:38,606405AA0DCB,34.403,10.73,6,1346,1
15:46:43,606405AA0DCB,34.403,10.73,6,1353,1
15:46:48,606405AA0DCB,34.464,10.73,6,1361,1
15:46:53,606405AA0DCB,34.373,10.73,6,1368,1
15:46:58,606405AA0DCB,34.373,10.828,6,1376,1
15:47:03,606405AA0DCB,34.282,10.73,6,1382,1
15:47:09,606405AA0DCB,34.423,10.73,6,1388,1
15:47:14,606405AA0DCB,34.373,10.828,6,1394,1
15:47:19,606405AA0DCB,34.343,10.73,6,1401,1
15:47:24,606405AA0DCB,34.323,10.828,6,1407,1
15:47:29,606405AA0DCB,34.373,10.73,6,1413,1
15:47:34,606405AA0DCB,34.353,10.73,6,1418,1
15:47:39,606405AA0DCB,34.373,10.73,6,1423,1
15:47:44,606405AA0DCB,34.373,10.73,6,1428,1
15:47:50,606405AA0DCB,34.423,10.73,6,1434,1
15:47:55,606405AA0DCB,34.443,10.73,6,1438,1
15:48:00,606405AA0DCB,34.343,10.828,6,1442,1
15:48:05,606405AA0DCB,34.433,10.828,6,1446,1
15:48:10,606405AA0DCB,34.423,10.828,6,1451,1
15:48:15,606405AA0DCB,34.443,10.828,6,1454,1
15:48:20,606405AA0DCB,34.403,10.73,6,1458,1
15:48:26,606405AA0DCB,34.373,10.73,6,1461,1
15:48:31,606405AA0DCB,34.353,10.632,6,1465,1
15:48:36,606405AA0DCB,34.423,10.632,6,1469,1
15:48:41,606405AA0DCB,34.423,10.828,6,1473,1
15:48:46,606405AA0DCB,34.373,10.828,6,1476,1
15:48:51,606405AA0DCB,34.423,10.73,6,1479,1
15:48:56,606405AA0DCB,34.353,10.632,6,1482,1
15:49:01,606405AA0DCB,34.373,10.73,6,1485,1
15:49:07,606405AA0DCB,34.353,10.73,6,1487,1
15:49:12,606405AA0DCB,34.373,10.73,6,1490,1
15:49:17,606405AA0DCB,34.443,10.73,6,1492,1
15:49:22,606405AA0DCB,34.393,10.73,6,1495,1
15:49:27,606405AA0DCB,34.323,10.73,6,1497,1
15:49:32,606405AA0DCB,34.323,10.73,6,1500,1
15:49:37,606405AA0DCB,34.423,10.73,6,1519,1
15:49:43,606405AA0DCB,34.353,10.828,6,1504,1
15:49:48,606405AA0DCB,34.393,10.73,6,1507,1
15:49:53,606405AA0DCB,34.353,10.73,6,1508,1
15:49:58,606405AA0DCB,34.403,10.73,6,1511,1
15:50:03,606405AA0DCB,34.423,10.73,6,1512,1
15:50:08,606405AA0DCB,34.393,10.73,6,1514,1
15:50:13,606405AA0DCB,34.423,10.73,6,1516,1
15:50:18,606405AA0DCB,34.423,10.632,6,1517,1
15:50:24,606405AA0DCB,34.433,10.73,6,1518,1
15:50:29,606405AA0DCB,34.433,10.73,6,1520,1
15:50:34,606405AA0DCB,34.323,10.73,6,1522,1
15:50:39,606405AA0DCB,34.423,10.828,6,1523,1
15:50:44,606405AA0DCB,34.403,10.632,6,1525,1
15:50:49,606405AA0DCB,34.393,10.73,6,1525,1
15:50:54,606405AA0DCB,34.443,10.828,6,1526,1
15:50:59,606405AA0DCB,34.433,10.632,6,1527,1
15:51:05,606405AA0DCB,34.403,10.828,6,1528,1
15:51:10,606405AA0DCB,34.343,10.828,6,1529,1
15:51:15,606405AA0DCB,34.443,10.73,6,1530,1
15:51:20,606405AA0DCB,34.443,10.73,6,1531,1
15:51:25,606405AA0DCB,34.474,10.73,6,1533,1
15:51:30,606405AA0DCB,34.433,10.632,6,1533,1
15:51:35,606405AA0DCB,34.393,10.73,6,1535,1
15:51:41,606405AA0DCB,34.393,10.73,6,1536,1
15:51:46,606405AA0DCB,34.373,10.828,6,1537,1
15:51:51,606405AA0DCB,34.433,10.73,6,1537,1
15:51:56,606405AA0DCB,34.353,10.828,6,1539,1
15:52:01,606405AA0DCB,34.464,10.73,6,1540,1
15:52:06,606405AA0DCB,34.423,10.828,6,1540,1
15:52:11,606405AA0DCB,34.464,10.828,6,1542,1
15:52:16,606405AA0DCB,34.373,10.828,6,1543,1
15:52:22,606405AA0DCB,34.443,10.73,6,1544,1
15:52:27,606405AA0DCB,34.403,10.828,6,1545,1
15:52:32,606405AA0DCB,34.393,10.73,6,1546,1
15:52:37,606405AA0DCB,34.393,10.73,6,1546,1
15:52:42,606405AA0DCB,34.403,10.73,6,1547,1
15:52:47,606405AA0DCB,34.312,10.73,6,1547,1
15:52:52,606405AA0DCB,34.433,10.73,6,1548,1
15:52:58,606405AA0DCB,-1000,10.828,6,1548,1
15:53:03,606405AA0DCB,34.464,10.73,6,1549,1
15:53:08,606405AA0DCB,34.423,10.73,6,1549,1
15:53:13,606405AA0DCB,34.494,10.828,6,1550,1
15:53:18,606405AA0DCB,34.373,10.73,6,1550,1
15:53:23,606405AA0DCB,34.403,10.828,6,1550,1
15:53:28,606405AA0DCB,34.403,10.828,6,1551,1
15:53:33,606405AA0DCB,34.443,10.828,6,1551,1
15:53:39,606405AA0DCB,34.423,10.73,6,1552,1
15:53:44,606405AA0DCB,34.433,10.828,6,1551,1
15:53:49,606405AA0DCB,34.353,10.73,6,1552,1
15:53:54,606405AA0DCB,34.433,10.73,6,1552,1
15:53:59,606405AA0DCB,34.423,10.828,6,1552,1
15:54:04,606405AA0DCB,34.373,10.828,6,1552,1
15:54:09,606405AA0DCB,34.282,10.73,6,1552,1
15:54:15,606405AA0DCB,34.423,10.828,6,1552,1
15:54:20,606405AA0DCB,34.474,10.828,6,1554,1
15:54:25,606405AA0DCB,34.423,10.73,6,1554,1
15:54:30,606405AA0DCB,34.443,10.828,6,1554,1
15:54:35,606405AA0DCB,34.423,10.828,6,1554,1
15:54:40,606405AA0DCB,34.353,10.73,6,1555,1
15:54:45,606405AA0DCB,34.433,10.73,6,1555,1
15:54:50,606405AA0DCB,34.464,10.828,4095,72,1
15:54:56,606405AA0DCB,34.353,10.73,6,1556,1
15:55:01,606405AA0DCB,34.343,10.73,6,1555,1
15:55:06,606405AA0DCB,34.433,10.73,6,1556,1
15:55:11,606405AA0DCB,34.433,10.828,6,1556,1
15:55:16,606405AA0DCB,34.423,10.828,6,1556,1
15:55:21,606405AA0DCB,34.464,10.828,6,1556,1
15:55:26,606405AA0DCB,34.393,10.828,6,1556,1
15:55:31,606405AA0DCB,34.353,10.73,6,1557,1
15:55:37,606405AA0DCB,34.393,10.828,6,1557,1
15:55:42,606405AA0DCB,34.403,10.73,6,1557,1
15:55:47,606405AA0DCB,34.464,10.828,6,1557,1
15:55:52,606405AA0DCB,34.443,10.73,6,1557,1
15:55:57,606405AA0DCB,34.393,10.828,6,1557,1
15:56:02,606405AA0DCB,34.423,10.828,6,1557,1
15:56:07,606405AA0DCB,34.353,10.73,6,1558,1
15:56:13,606405AA0DCB,34.474,10.73,6,1558,1
15:56:18,606405AA0DCB,34.464,10.828,6,1558,1
15:56:23,606405AA0DCB,34.393,10.828,6,1558,1
15:56:28,606405AA0DCB,34.353,10.828,6,1558,1
15:56:33,606405AA0DCB,34.464,10.828,6,1558,1
15:56:38,606405AA0DCB,34.373,10.828,6,1558,1
15:56:43,606405AA0DCB,34.433,10.73,6,1558,1
15:56:48,606405AA0DCB,34.403,10.73,6,1557,1
15:56:54,606405AA0DCB,34.403,10.828,6,1558,1
15:56:59,606405AA0DCB,34.423,10.828,6,1558,1
15:57:04,606405AA0DCB,34.423,10.73,6,1559,1
15:57:09,606405AA0DCB,34.443,10.828,6,1558,1
15:57:14,606405AA0DCB,34.403,10.828,6,1558,1
15:57:19,606405AA0DCB,34.443,10.828,6,1558,1
15:57:24,606405AA0DCB,34.343,10.828,6,1558,1
15:57:30,606405AA0DCB,34.464,10.828,6,1558,1
15:57:35,606405AA0DCB,34.353,10.73,6,1558,1
15:57:40,606405AA0DCB,34.403,10.73,6,1558,1
15:57:45,606405AA0DCB,34.474,10.828,6,1558,1
15:57:50,606405AA0DCB,34.403,10.828,6,1558,1
15:57:55,606405AA0DCB,34.474,10.828,6,1559,1
15:58:00,606405AA0DCB,34.464,10.828,6,1558,1
15:58:05,606405AA0DCB,34.474,10.828,6,1558,1
15:58:11,606405AA0DCB,34.423,10.73,6,1557,1
15:58:16,606405AA0DCB,34.373,10.828,6,1557,1
15:58:21,606405AA0DCB,34.443,10.73,6,1557,1
15:58:26,606405AA0DCB,34.534,10.822,6,1557,1
15:58:31,606405AA0DCB,34.423,10.828,6,1557,1
15:58:36,606405AA0DCB,34.393,10.828,6,1557,1
15:58:41,606405AA0DCB,34.474,10.828,6,1557,1
15:58:47,606405AA0DCB,34.433,10.828,6,1557,1
15:58:52,606405AA0DCB,34.443,10.828,6,1557,1
15:58:57,606405AA0DCB,34.474,10.828,6,1557,1
15:59:02,606405AA0DCB,34.423,10.828,6,1558,1
15:59:07,606405AA0DCB,34.373,10.73,6,1558,1
15:59:12,606405AA0DCB,34.423,10.828,6,1558,1
15:59:17,606405AA0DCB,34.423,10.73,6,1558,1
15:59:22,606405AA0DCB,34.423,10.828,6,1558,1
15:59:28,606405AA0DCB,34.393,10.828,6,1558,1
15:59:33,606405AA0DCB,34.443,10.73,6,1558,1
15:59:38,606405AA0DCB,34.464,10.828,6,1558,1
15:59:43,606405AA0DCB,34.443,10.828,6,1558,1
15:59:48,606405AA0DCB,34.464,10.828,6,1558,1
15:59:53,606405AA0DCB,34.373,10.828,6,1558,1
15:59:58,606405AA0DCB,34.464,10.828,6,1558,1
16:00:03,606405AA0DCB,34.464,10.828,6,1558,1
16:00:09,606405AA0DCB,34.323,10.828,6,1558,1
16:00:14,606405AA0DCB,34.423,10.828,6,1558,1
16:00:19,606405AA0DCB,34.373,10.828,6,1558,1
16:00:24,606405AA0DCB,34.494,10.73,6,1558,1
16:00:29,606405AA0DCB,34.423,10.828,6,1558,1
16:00:34,606405AA0DCB,34.433,10.925,6,1558,1
16:00:39,606405AA0DCB,34.343,10.73,6,1558,1
16:00:45,606405AA0DCB,34.423,10.828,6,1558,1
16:00:50,606405AA0DCB,34.474,10.828,6,1558,1
16:00:55,606405AA0DCB,34.443,10.828,6,1558,1
16:01:00,606405AA0DCB,34.464,10.828,6,1558,1
16:01:05,606405AA0DCB,34.393,10.925,6,1558,1
16:01:10,606405AA0DCB,34.443,10.828,6,1558,1
16:01:15,606405AA0DCB,34.474,10.828,6,1558,1
16:01:20,606405AA0DCB,34.464,10.828,6,1557,1
16:01:26,606405AA0DCB,34.373,10.828,6,1557,1
16:01:31,606405AA0DCB,34.443,10.828,6,1557,1
16:01:36,606405AA0DCB,34.423,10.73,6,1557,1
16:01:41,606405AA0DCB,34.443,10.925,6,1557,1
16:01:46,606405AA0DCB,34.433,10.828,6,1557,1
16:01:51,606405AA0DCB,34.423,10.828,6,1557,1
16:01:56,606405AA0DCB,34.464,10.828,6,1557,1
16:02:02,606405AA0DCB,34.403,10.828,6,1557,1
16:02:07,606405AA0DCB,33.474,10.73,6,1557,1
16:02:12,606405AA0DCB,34.393,10.828,6,1557,1
16:02:17,606405AA0DCB,34.373,10.925,6,1556,1
16:02:22,606405AA0DCB,34.343,10.925,6,1556,1
16:02:27,606405AA0DCB,34.403,10.828,6,1557,1
16:02:32,606405AA0DCB,34.393,10.828,6,1556,1
16:02:37,606405AA0DCB,34.504,10.828,6,1556,1
16:02:43,606405AA0DCB,34.433,10.925,6,1556,1
16:02:48,606405AA0DCB,34.423,10.828,6,1557,1
16:02:53,606405AA0DCB,34.403,10.925,6,1556,1
16:02:58,606405AA0DCB,34.393,10.828,6,1557,1
16:03:03,606405AA0DCB,34.433,10.828,6,1556,1
16:03:08,606405AA0DCB,34.423,10.925,6,1557,1
16:03:13,606405AA0DCB,34.393,10.925,6,1556,1
16:03:18,606405AA0DCB,34.423,10.925,6,1557,1
16:03:24,606405AA0DCB,34.474,10.925,6,1557,1
16:03:29,606405AA0DCB,34.403,11.023,6,1557,1
16:03:34,606405AA0DCB,34.433,10.925,6,1557,1
16:03:39,606405AA0DCB,34.423,10.828,6,1557,1
16:03:44,606405AA0DCB,34.403,10.828,6,1557,1
16:03:49,606405AA0DCB,34.443,10.925,6,1558,1
16:03:54,606405AA0DCB,34.323,10.925,6,1557,1
